,index,Workout,Day,Week,Exercise,Sets,Reps,obs,EXERCISE,number,image,Date
0,1,Workout A,1.0,Week 1,1A. Goblet Squat,3.0,10,,1A. Goblet Squat,1.0,<a href=https://doctorwho.com.br/projects/img/01.gif target='blank'><img src=https://doctorwho.com.br/projects/img/01.gif title='rent' width='150' height='150'/></a>,2021-12-26
1,1,Workout A,1.0,Week 1,2A. Chinup/Lat Pulldown,3.0,10,Use band for chinups as needed. Use Lat Pulldown if necessary.,2A. Chinup/Lat Pulldown,2.0,<a href=https://doctorwho.com.br/projects/img/02.gif target='blank'><img src=https://doctorwho.com.br/projects/img/02.gif title='rent' width='150' height='150'/></a>,2021-12-26
2,1,Workout A,1.0,Week 1,1B. Dumbbell Stepups,2.0,12,Step should be at 90-degree knee flexion. Complete all reps for one leg before switching.,1B. Dumbbell Stepups,3.0,<a href=https://doctorwho.com.br/projects/img/03.gif target='blank'><img src=https://doctorwho.com.br/projects/img/03.gif title='rent' width='150' height='150'/></a>,2021-12-26
3,1,Workout A,1.0,Week 1,2B. Single Arm Corner Press,2.0,12,,2B. Single Arm Corner Press,4.0,<a href=https://doctorwho.com.br/projects/img/04.gif target='blank'><img src=https://doctorwho.com.br/projects/img/04.gif title='rent' width='150' height='150'/></a>,2021-12-26
4,1,Workout A,1.0,Week 1,1C. Prowler Chest Press,2.0,10,,1C. Prowler Chest Press,5.0,<a href=https://doctorwho.com.br/projects/img/05.gif target='blank'><img src=https://doctorwho.com.br/projects/img/05.gif title='rent' width='150' height='150'/></a>,2021-12-26
5,1,Workout A,1.0,Week 1,2C. Seated Cable Row,2.0,10,,2C. Seated Cable Row,6.0,<a href=https://doctorwho.com.br/projects/img/06.gif target='blank'><img src=https://doctorwho.com.br/projects/img/06.gif title='rent' width='150' height='150'/></a>,2021-12-26
6,1,Workout A,1.0,Week 1,3C. Paloff Press,2.0,10,,3C. Paloff Press,7.0,<a href=https://doctorwho.com.br/projects/img/07.gif target='blank'><img src=https://doctorwho.com.br/projects/img/07.gif title='rent' width='150' height='150'/></a>,2021-12-26
7,2,Workout B,2.0,Week 1,1A. Trap Bar Deadlift,3.0,12,,1A. Trap Bar Deadlift,8.0,<a href=https://doctorwho.com.br/projects/img/08.gif target='blank'><img src=https://doctorwho.com.br/projects/img/08.gif title='rent' width='150' height='150'/></a>,2021-12-27
8,2,Workout B,2.0,Week 1,2A. Incline DB Chest Press,3.0,12,Set incline to 30 degrees.,2A. Incline DB Chest Press,9.0,<a href=https://doctorwho.com.br/projects/img/09.gif target='blank'><img src=https://doctorwho.com.br/projects/img/09.gif title='rent' width='150' height='150'/></a>,2021-12-27
9,2,Workout B,2.0,Week 1,1B. Dumbbell Split Squat,2.0,10,Hold a dumbbell in each hand.,1B. Dumbbell Split Squat,10.0,<a href=https://doctorwho.com.br/projects/img/10.gif target='blank'><img src=https://doctorwho.com.br/projects/img/10.gif title='rent' width='150' height='150'/></a>,2021-12-27
10,2,Workout B,2.0,Week 1,2B. Single Arm Cable Row,2.0,10,Do not allow torso to rotate.,2B. Single Arm Cable Row,11.0,<a href=https://doctorwho.com.br/projects/img/11.gif target='blank'><img src=https://doctorwho.com.br/projects/img/11.gif title='rent' width='150' height='150'/></a>,2021-12-27
11,2,Workout B,2.0,Week 1,1C. Prowler Drive,2.0,D/B,,1C. Prowler Drive,12.0,<a href=https://doctorwho.com.br/projects/img/12.gif target='blank'><img src=https://doctorwho.com.br/projects/img/12.gif title='rent' width='150' height='150'/></a>,2021-12-27
12,2,Workout B,2.0,Week 1,2C. Standing Zottman Curls,2.0,12,Use rope attachment.,2C. Standing Zottman Curls,13.0,<a href=https://doctorwho.com.br/projects/img/13.gif target='blank'><img src=https://doctorwho.com.br/projects/img/13.gif title='rent' width='150' height='150'/></a>,2021-12-27
13,2,Workout B,2.0,Week 1,3C. Reverse Crunch,2.0,12,,3C. Reverse Crunch,14.0,<a href=https://doctorwho.com.br/projects/img/14.gif target='blank'><img src=https://doctorwho.com.br/projects/img/14.gif title='rent' width='150' height='150'/></a>,2021-12-27
14,3,Intervals,3.0,Week 1,Cardio: 30-60-90 Intervals,,,,Cardio: 30-60-90 Intervals,15.0,<a href=https://doctorwho.com.br/projects/img/15.gif target='blank'><img src=https://doctorwho.com.br/projects/img/15.gif title='rent' width='150' height='150'/></a>,2021-12-28
15,4,Workout A,4.0,Week 1,1A. Goblet Squat,3.0,10,,1A. Goblet Squat,1.0,<a href=https://doctorwho.com.br/projects/img/01.gif target='blank'><img src=https://doctorwho.com.br/projects/img/01.gif title='rent' width='150' height='150'/></a>,2021-12-29
16,4,Workout A,4.0,Week 1,2A. Chinup/Lat Pulldown,3.0,10,Use band for chinups as needed. Use Lat Pulldown if necessary.,2A. Chinup/Lat Pulldown,2.0,<a href=https://doctorwho.com.br/projects/img/02.gif target='blank'><img src=https://doctorwho.com.br/projects/img/02.gif title='rent' width='150' height='150'/></a>,2021-12-29
17,4,Workout A,4.0,Week 1,1B. Dumbbell Stepups,2.0,12,Step should be at 90-degree knee flexion. Complete all reps for one leg before switching.,1B. Dumbbell Stepups,3.0,<a href=https://doctorwho.com.br/projects/img/03.gif target='blank'><img src=https://doctorwho.com.br/projects/img/03.gif title='rent' width='150' height='150'/></a>,2021-12-29
18,4,Workout A,4.0,Week 1,2B. Single Arm Corner Press,2.0,12,,2B. Single Arm Corner Press,4.0,<a href=https://doctorwho.com.br/projects/img/04.gif target='blank'><img src=https://doctorwho.com.br/projects/img/04.gif title='rent' width='150' height='150'/></a>,2021-12-29
19,4,Workout A,4.0,Week 1,1C. Prowler Chest Press,2.0,10,,1C. Prowler Chest Press,5.0,<a href=https://doctorwho.com.br/projects/img/05.gif target='blank'><img src=https://doctorwho.com.br/projects/img/05.gif title='rent' width='150' height='150'/></a>,2021-12-29
20,4,Workout A,4.0,Week 1,2C. Seated Cable Row,2.0,10,,2C. Seated Cable Row,6.0,<a href=https://doctorwho.com.br/projects/img/06.gif target='blank'><img src=https://doctorwho.com.br/projects/img/06.gif title='rent' width='150' height='150'/></a>,2021-12-29
21,4,Workout A,4.0,Week 1,3C. Paloff Press,2.0,10,,3C. Paloff Press,7.0,<a href=https://doctorwho.com.br/projects/img/07.gif target='blank'><img src=https://doctorwho.com.br/projects/img/07.gif title='rent' width='150' height='150'/></a>,2021-12-29
22,5,Workout B,5.0,Week 1,1A. Trap Bar Deadlift,3.0,12,,1A. Trap Bar Deadlift,8.0,<a href=https://doctorwho.com.br/projects/img/08.gif target='blank'><img src=https://doctorwho.com.br/projects/img/08.gif title='rent' width='150' height='150'/></a>,2021-12-30
23,5,Workout B,5.0,Week 1,2A. Incline DB Chest Press,3.0,12,Set incline to 30 degrees.,2A. Incline DB Chest Press,9.0,<a href=https://doctorwho.com.br/projects/img/09.gif target='blank'><img src=https://doctorwho.com.br/projects/img/09.gif title='rent' width='150' height='150'/></a>,2021-12-30
24,5,Workout B,5.0,Week 1,1B. Dumbbell Split Squat,2.0,10,Hold a dumbbell in each hand.,1B. Dumbbell Split Squat,10.0,<a href=https://doctorwho.com.br/projects/img/10.gif target='blank'><img src=https://doctorwho.com.br/projects/img/10.gif title='rent' width='150' height='150'/></a>,2021-12-30
25,5,Workout B,5.0,Week 1,2B. Single Arm Cable Row,2.0,10,Do not allow torso to rotate.,2B. Single Arm Cable Row,11.0,<a href=https://doctorwho.com.br/projects/img/11.gif target='blank'><img src=https://doctorwho.com.br/projects/img/11.gif title='rent' width='150' height='150'/></a>,2021-12-30
26,5,Workout B,5.0,Week 1,1C. Prowler Drive,2.0,D/B,,1C. Prowler Drive,12.0,<a href=https://doctorwho.com.br/projects/img/12.gif target='blank'><img src=https://doctorwho.com.br/projects/img/12.gif title='rent' width='150' height='150'/></a>,2021-12-30
27,5,Workout B,5.0,Week 1,2C. Standing Zottman Curls,2.0,12,Use rope attachment.,2C. Standing Zottman Curls,13.0,<a href=https://doctorwho.com.br/projects/img/13.gif target='blank'><img src=https://doctorwho.com.br/projects/img/13.gif title='rent' width='150' height='150'/></a>,2021-12-30
28,5,Workout B,5.0,Week 1,3C. Reverse Crunch,2.0,12,,3C. Reverse Crunch,14.0,<a href=https://doctorwho.com.br/projects/img/14.gif target='blank'><img src=https://doctorwho.com.br/projects/img/14.gif title='rent' width='150' height='150'/></a>,2021-12-30
29,6,Intervals,6.0,Week 1,Cardio: 30-60-90 Intervals,,,,Cardio: 30-60-90 Intervals,15.0,<a href=https://doctorwho.com.br/projects/img/15.gif target='blank'><img src=https://doctorwho.com.br/projects/img/15.gif title='rent' width='150' height='150'/></a>,2021-12-31
30,7,Rest Day,7.0,Week 1,Rest Day,,,,,,,2022-01-01
31,8,Workout A,1.0,Week 2,1A. Goblet Squat,3.0,12,,1A. Goblet Squat,1.0,<a href=https://doctorwho.com.br/projects/img/01.gif target='blank'><img src=https://doctorwho.com.br/projects/img/01.gif title='rent' width='150' height='150'/></a>,2022-01-02
32,8,Workout A,1.0,Week 2,2A. Chinup/Lat Pulldown,3.0,12,Use band for chinups as needed. Use Lat Pulldown if necessary.,2A. Chinup/Lat Pulldown,2.0,<a href=https://doctorwho.com.br/projects/img/02.gif target='blank'><img src=https://doctorwho.com.br/projects/img/02.gif title='rent' width='150' height='150'/></a>,2022-01-02
33,8,Workout A,1.0,Week 2,1B. Dumbbell Stepups,2.0,10,Step should be at 90-degree knee flexion. Complete all reps for one leg before switching.,1B. Dumbbell Stepups,3.0,<a href=https://doctorwho.com.br/projects/img/03.gif target='blank'><img src=https://doctorwho.com.br/projects/img/03.gif title='rent' width='150' height='150'/></a>,2022-01-02
34,8,Workout A,1.0,Week 2,2B. Single Arm Corner Press,2.0,10,,2B. Single Arm Corner Press,4.0,<a href=https://doctorwho.com.br/projects/img/04.gif target='blank'><img src=https://doctorwho.com.br/projects/img/04.gif title='rent' width='150' height='150'/></a>,2022-01-02
35,8,Workout A,1.0,Week 2,1C. Prowler Chest Press,2.0,12,,1C. Prowler Chest Press,5.0,<a href=https://doctorwho.com.br/projects/img/05.gif target='blank'><img src=https://doctorwho.com.br/projects/img/05.gif title='rent' width='150' height='150'/></a>,2022-01-02
36,8,Workout A,1.0,Week 2,2C. Seated Cable Row,2.0,12,,2C. Seated Cable Row,6.0,<a href=https://doctorwho.com.br/projects/img/06.gif target='blank'><img src=https://doctorwho.com.br/projects/img/06.gif title='rent' width='150' height='150'/></a>,2022-01-02
37,8,Workout A,1.0,Week 2,3C. Paloff Press,2.0,12,,3C. Paloff Press,7.0,<a href=https://doctorwho.com.br/projects/img/07.gif target='blank'><img src=https://doctorwho.com.br/projects/img/07.gif title='rent' width='150' height='150'/></a>,2022-01-02
38,9,Workout B,2.0,Week 2,1A. Trap Bar Deadlift,3.0,10,,1A. Trap Bar Deadlift,8.0,<a href=https://doctorwho.com.br/projects/img/08.gif target='blank'><img src=https://doctorwho.com.br/projects/img/08.gif title='rent' width='150' height='150'/></a>,2022-01-03
39,9,Workout B,2.0,Week 2,2A. Incline DB Chest Press,3.0,10,Set incline to 30 degrees.,2A. Incline DB Chest Press,9.0,<a href=https://doctorwho.com.br/projects/img/09.gif target='blank'><img src=https://doctorwho.com.br/projects/img/09.gif title='rent' width='150' height='150'/></a>,2022-01-03
40,9,Workout B,2.0,Week 2,1B. Dumbbell Split Squat,2.0,12,Hold a dumbbell in each hand.,1B. Dumbbell Split Squat,10.0,<a href=https://doctorwho.com.br/projects/img/10.gif target='blank'><img src=https://doctorwho.com.br/projects/img/10.gif title='rent' width='150' height='150'/></a>,2022-01-03
41,9,Workout B,2.0,Week 2,2B. Single Arm Cable Row,2.0,12,Do not allow torso to rotate.,2B. Single Arm Cable Row,11.0,<a href=https://doctorwho.com.br/projects/img/11.gif target='blank'><img src=https://doctorwho.com.br/projects/img/11.gif title='rent' width='150' height='150'/></a>,2022-01-03
42,9,Workout B,2.0,Week 2,1C. Prowler Drive,2.0,10,,1C. Prowler Drive,12.0,<a href=https://doctorwho.com.br/projects/img/12.gif target='blank'><img src=https://doctorwho.com.br/projects/img/12.gif title='rent' width='150' height='150'/></a>,2022-01-03
43,9,Workout B,2.0,Week 2,2C. Standing Zottman Curls,2.0,10,Use rope attachment.,2C. Standing Zottman Curls,13.0,<a href=https://doctorwho.com.br/projects/img/13.gif target='blank'><img src=https://doctorwho.com.br/projects/img/13.gif title='rent' width='150' height='150'/></a>,2022-01-03
44,9,Workout B,2.0,Week 2,3C. Reverse Crunch,2.0,10,,3C. Reverse Crunch,14.0,<a href=https://doctorwho.com.br/projects/img/14.gif target='blank'><img src=https://doctorwho.com.br/projects/img/14.gif title='rent' width='150' height='150'/></a>,2022-01-03
45,10,Intervals,3.0,Week 2,Cardio: 30-60-90 Intervals,,,,Cardio: 30-60-90 Intervals,15.0,<a href=https://doctorwho.com.br/projects/img/15.gif target='blank'><img src=https://doctorwho.com.br/projects/img/15.gif title='rent' width='150' height='150'/></a>,2022-01-04
46,11,Workout A,4.0,Week 2,1A. Goblet Squat,3.0,12,,1A. Goblet Squat,1.0,<a href=https://doctorwho.com.br/projects/img/01.gif target='blank'><img src=https://doctorwho.com.br/projects/img/01.gif title='rent' width='150' height='150'/></a>,2022-01-05
47,11,Workout A,4.0,Week 2,2A. Chinup/Lat Pulldown,3.0,12,Use band for chinups as needed. Use Lat Pulldown if necessary.,2A. Chinup/Lat Pulldown,2.0,<a href=https://doctorwho.com.br/projects/img/02.gif target='blank'><img src=https://doctorwho.com.br/projects/img/02.gif title='rent' width='150' height='150'/></a>,2022-01-05
48,11,Workout A,4.0,Week 2,1B. Dumbbell Stepups,2.0,10,Step should be at 90-degree knee flexion. Complete all reps for one leg before switching.,1B. Dumbbell Stepups,3.0,<a href=https://doctorwho.com.br/projects/img/03.gif target='blank'><img src=https://doctorwho.com.br/projects/img/03.gif title='rent' width='150' height='150'/></a>,2022-01-05
49,11,Workout A,4.0,Week 2,2B. Single Arm Corner Press,2.0,10,,2B. Single Arm Corner Press,4.0,<a href=https://doctorwho.com.br/projects/img/04.gif target='blank'><img src=https://doctorwho.com.br/projects/img/04.gif title='rent' width='150' height='150'/></a>,2022-01-05
50,11,Workout A,4.0,Week 2,1C. Prowler Chest Press,2.0,12,,1C. Prowler Chest Press,5.0,<a href=https://doctorwho.com.br/projects/img/05.gif target='blank'><img src=https://doctorwho.com.br/projects/img/05.gif title='rent' width='150' height='150'/></a>,2022-01-05
51,11,Workout A,4.0,Week 2,2C. Seated Cable Row,2.0,12,,2C. Seated Cable Row,6.0,<a href=https://doctorwho.com.br/projects/img/06.gif target='blank'><img src=https://doctorwho.com.br/projects/img/06.gif title='rent' width='150' height='150'/></a>,2022-01-05
52,11,Workout A,4.0,Week 2,3C. Paloff Press,2.0,12,,3C. Paloff Press,7.0,<a href=https://doctorwho.com.br/projects/img/07.gif target='blank'><img src=https://doctorwho.com.br/projects/img/07.gif title='rent' width='150' height='150'/></a>,2022-01-05
53,12,Workout B,5.0,Week 2,1A. Trap Bar Deadlift,3.0,10,,1A. Trap Bar Deadlift,8.0,<a href=https://doctorwho.com.br/projects/img/08.gif target='blank'><img src=https://doctorwho.com.br/projects/img/08.gif title='rent' width='150' height='150'/></a>,2022-01-06
54,12,Workout B,5.0,Week 2,2A. Incline DB Chest Press,3.0,10,Set incline to 30 degrees.,2A. Incline DB Chest Press,9.0,<a href=https://doctorwho.com.br/projects/img/09.gif target='blank'><img src=https://doctorwho.com.br/projects/img/09.gif title='rent' width='150' height='150'/></a>,2022-01-06
55,12,Workout B,5.0,Week 2,1B. Dumbbell Split Squat,2.0,12,Hold a dumbbell in each hand.,1B. Dumbbell Split Squat,10.0,<a href=https://doctorwho.com.br/projects/img/10.gif target='blank'><img src=https://doctorwho.com.br/projects/img/10.gif title='rent' width='150' height='150'/></a>,2022-01-06
56,12,Workout B,5.0,Week 2,2B. Single Arm Cable Row,2.0,12,Do not allow torso to rotate.,2B. Single Arm Cable Row,11.0,<a href=https://doctorwho.com.br/projects/img/11.gif target='blank'><img src=https://doctorwho.com.br/projects/img/11.gif title='rent' width='150' height='150'/></a>,2022-01-06
57,12,Workout B,5.0,Week 2,1C. Prowler Drive,2.0,10,,1C. Prowler Drive,12.0,<a href=https://doctorwho.com.br/projects/img/12.gif target='blank'><img src=https://doctorwho.com.br/projects/img/12.gif title='rent' width='150' height='150'/></a>,2022-01-06
58,12,Workout B,5.0,Week 2,2C. Standing Zottman Curls,2.0,10,Use rope attachment.,2C. Standing Zottman Curls,13.0,<a href=https://doctorwho.com.br/projects/img/13.gif target='blank'><img src=https://doctorwho.com.br/projects/img/13.gif title='rent' width='150' height='150'/></a>,2022-01-06
59,12,Workout B,5.0,Week 2,3C. Reverse Crunch,2.0,10,,3C. Reverse Crunch,14.0,<a href=https://doctorwho.com.br/projects/img/14.gif target='blank'><img src=https://doctorwho.com.br/projects/img/14.gif title='rent' width='150' height='150'/></a>,2022-01-06
60,13,Intervals,6.0,Week 2,Cardio: 30-60-90 Intervals,,,,Cardio: 30-60-90 Intervals,15.0,<a href=https://doctorwho.com.br/projects/img/15.gif target='blank'><img src=https://doctorwho.com.br/projects/img/15.gif title='rent' width='150' height='150'/></a>,2022-01-07
61,14,Rest Day,7.0,Week 2,Rest Day,,,,,,,2022-01-08
62,15,Workout A,1.0,Week 3,1A. Goblet Squat,3.0,12,,1A. Goblet Squat,1.0,<a href=https://doctorwho.com.br/projects/img/01.gif target='blank'><img src=https://doctorwho.com.br/projects/img/01.gif title='rent' width='150' height='150'/></a>,2022-01-09
63,15,Workout A,1.0,Week 3,2A. Chinup/Lat Pulldown,3.0,12,Use band for chinups as needed. Use Lat Pulldown if necessary.,2A. Chinup/Lat Pulldown,2.0,<a href=https://doctorwho.com.br/projects/img/02.gif target='blank'><img src=https://doctorwho.com.br/projects/img/02.gif title='rent' width='150' height='150'/></a>,2022-01-09
64,15,Workout A,1.0,Week 3,1B. Dumbbell Stepups,3.0,12,Step should be at 90-degree knee flexion. Complete all reps for one leg before switching.,1B. Dumbbell Stepups,3.0,<a href=https://doctorwho.com.br/projects/img/03.gif target='blank'><img src=https://doctorwho.com.br/projects/img/03.gif title='rent' width='150' height='150'/></a>,2022-01-09
65,15,Workout A,1.0,Week 3,2B. Single Arm Corner Press,3.0,12,,2B. Single Arm Corner Press,4.0,<a href=https://doctorwho.com.br/projects/img/04.gif target='blank'><img src=https://doctorwho.com.br/projects/img/04.gif title='rent' width='150' height='150'/></a>,2022-01-09
66,15,Workout A,1.0,Week 3,1C. Prowler Chest Press,3.0,10,,1C. Prowler Chest Press,5.0,<a href=https://doctorwho.com.br/projects/img/05.gif target='blank'><img src=https://doctorwho.com.br/projects/img/05.gif title='rent' width='150' height='150'/></a>,2022-01-09
67,15,Workout A,1.0,Week 3,2C. Seated Cable Row,3.0,10,,2C. Seated Cable Row,6.0,<a href=https://doctorwho.com.br/projects/img/06.gif target='blank'><img src=https://doctorwho.com.br/projects/img/06.gif title='rent' width='150' height='150'/></a>,2022-01-09
68,15,Workout A,1.0,Week 3,3C. Paloff Press,3.0,10,,3C. Paloff Press,7.0,<a href=https://doctorwho.com.br/projects/img/07.gif target='blank'><img src=https://doctorwho.com.br/projects/img/07.gif title='rent' width='150' height='150'/></a>,2022-01-09
69,16,Workout B,2.0,Week 3,1A. Trap Bar Deadlift,4.0,12,,1A. Trap Bar Deadlift,8.0,<a href=https://doctorwho.com.br/projects/img/08.gif target='blank'><img src=https://doctorwho.com.br/projects/img/08.gif title='rent' width='150' height='150'/></a>,2022-01-10
70,16,Workout B,2.0,Week 3,2A. Incline DB Chest Press,4.0,12,Set incline to 30 degrees.,2A. Incline DB Chest Press,9.0,<a href=https://doctorwho.com.br/projects/img/09.gif target='blank'><img src=https://doctorwho.com.br/projects/img/09.gif title='rent' width='150' height='150'/></a>,2022-01-10
71,16,Workout B,2.0,Week 3,1B. Dumbbell Split Squat,3.0,10,Hold a dumbbell in each hand.,1B. Dumbbell Split Squat,10.0,<a href=https://doctorwho.com.br/projects/img/10.gif target='blank'><img src=https://doctorwho.com.br/projects/img/10.gif title='rent' width='150' height='150'/></a>,2022-01-10
72,16,Workout B,2.0,Week 3,2B. Single Arm Cable Row,3.0,10,Do not allow torso to rotate.,2B. Single Arm Cable Row,11.0,<a href=https://doctorwho.com.br/projects/img/11.gif target='blank'><img src=https://doctorwho.com.br/projects/img/11.gif title='rent' width='150' height='150'/></a>,2022-01-10
73,16,Workout B,2.0,Week 3,1C. Prowler Drive,3.0,12,,1C. Prowler Drive,12.0,<a href=https://doctorwho.com.br/projects/img/12.gif target='blank'><img src=https://doctorwho.com.br/projects/img/12.gif title='rent' width='150' height='150'/></a>,2022-01-10
74,16,Workout B,2.0,Week 3,2C. Standing Zottman Curls,3.0,12,Use rope attachment.,2C. Standing Zottman Curls,13.0,<a href=https://doctorwho.com.br/projects/img/13.gif target='blank'><img src=https://doctorwho.com.br/projects/img/13.gif title='rent' width='150' height='150'/></a>,2022-01-10
75,16,Workout B,2.0,Week 3,3C. Reverse Crunch,3.0,12,,3C. Reverse Crunch,14.0,<a href=https://doctorwho.com.br/projects/img/14.gif target='blank'><img src=https://doctorwho.com.br/projects/img/14.gif title='rent' width='150' height='150'/></a>,2022-01-10
76,17,Intervals,3.0,Week 3,Cardio: 30-60-90 Intervals,,,,Cardio: 30-60-90 Intervals,15.0,<a href=https://doctorwho.com.br/projects/img/15.gif target='blank'><img src=https://doctorwho.com.br/projects/img/15.gif title='rent' width='150' height='150'/></a>,2022-01-11
77,18,Workout A,4.0,Week 3,1A. Goblet Squat,3.0,12,,1A. Goblet Squat,1.0,<a href=https://doctorwho.com.br/projects/img/01.gif target='blank'><img src=https://doctorwho.com.br/projects/img/01.gif title='rent' width='150' height='150'/></a>,2022-01-12
78,18,Workout A,4.0,Week 3,2A. Chinup/Lat Pulldown,3.0,12,Use band for chinups as needed. Use Lat Pulldown if necessary.,2A. Chinup/Lat Pulldown,2.0,<a href=https://doctorwho.com.br/projects/img/02.gif target='blank'><img src=https://doctorwho.com.br/projects/img/02.gif title='rent' width='150' height='150'/></a>,2022-01-12
79,18,Workout A,4.0,Week 3,1B. Dumbbell Stepups,3.0,12,Step should be at 90-degree knee flexion. Complete all reps for one leg before switching.,1B. Dumbbell Stepups,3.0,<a href=https://doctorwho.com.br/projects/img/03.gif target='blank'><img src=https://doctorwho.com.br/projects/img/03.gif title='rent' width='150' height='150'/></a>,2022-01-12
80,18,Workout A,4.0,Week 3,2B. Single Arm Corner Press,3.0,12,,2B. Single Arm Corner Press,4.0,<a href=https://doctorwho.com.br/projects/img/04.gif target='blank'><img src=https://doctorwho.com.br/projects/img/04.gif title='rent' width='150' height='150'/></a>,2022-01-12
81,18,Workout A,4.0,Week 3,1C. Prowler Chest Press,3.0,10,,1C. Prowler Chest Press,5.0,<a href=https://doctorwho.com.br/projects/img/05.gif target='blank'><img src=https://doctorwho.com.br/projects/img/05.gif title='rent' width='150' height='150'/></a>,2022-01-12
82,18,Workout A,4.0,Week 3,2C. Seated Cable Row,3.0,10,,2C. Seated Cable Row,6.0,<a href=https://doctorwho.com.br/projects/img/06.gif target='blank'><img src=https://doctorwho.com.br/projects/img/06.gif title='rent' width='150' height='150'/></a>,2022-01-12
83,18,Workout A,4.0,Week 3,3C. Paloff Press,3.0,10,,3C. Paloff Press,7.0,<a href=https://doctorwho.com.br/projects/img/07.gif target='blank'><img src=https://doctorwho.com.br/projects/img/07.gif title='rent' width='150' height='150'/></a>,2022-01-12
84,19,Workout B,5.0,Week 3,1A. Trap Bar Deadlift,4.0,12,,1A. Trap Bar Deadlift,8.0,<a href=https://doctorwho.com.br/projects/img/08.gif target='blank'><img src=https://doctorwho.com.br/projects/img/08.gif title='rent' width='150' height='150'/></a>,2022-01-13
85,19,Workout B,5.0,Week 3,2A. Incline DB Chest Press,4.0,12,Set incline to 30 degrees.,2A. Incline DB Chest Press,9.0,<a href=https://doctorwho.com.br/projects/img/09.gif target='blank'><img src=https://doctorwho.com.br/projects/img/09.gif title='rent' width='150' height='150'/></a>,2022-01-13
86,19,Workout B,5.0,Week 3,1B. Dumbbell Split Squat,3.0,10,Hold a dumbbell in each hand.,1B. Dumbbell Split Squat,10.0,<a href=https://doctorwho.com.br/projects/img/10.gif target='blank'><img src=https://doctorwho.com.br/projects/img/10.gif title='rent' width='150' height='150'/></a>,2022-01-13
87,19,Workout B,5.0,Week 3,2B. Single Arm Cable Row,3.0,10,Do not allow torso to rotate.,2B. Single Arm Cable Row,11.0,<a href=https://doctorwho.com.br/projects/img/11.gif target='blank'><img src=https://doctorwho.com.br/projects/img/11.gif title='rent' width='150' height='150'/></a>,2022-01-13
88,19,Workout B,5.0,Week 3,1C. Prowler Drive,3.0,12,,1C. Prowler Drive,12.0,<a href=https://doctorwho.com.br/projects/img/12.gif target='blank'><img src=https://doctorwho.com.br/projects/img/12.gif title='rent' width='150' height='150'/></a>,2022-01-13
89,19,Workout B,5.0,Week 3,2C. Standing Zottman Curls,3.0,12,Use rope attachment.,2C. Standing Zottman Curls,13.0,<a href=https://doctorwho.com.br/projects/img/13.gif target='blank'><img src=https://doctorwho.com.br/projects/img/13.gif title='rent' width='150' height='150'/></a>,2022-01-13
90,19,Workout B,5.0,Week 3,3C. Reverse Crunch,3.0,12,,3C. Reverse Crunch,14.0,<a href=https://doctorwho.com.br/projects/img/14.gif target='blank'><img src=https://doctorwho.com.br/projects/img/14.gif title='rent' width='150' height='150'/></a>,2022-01-13
91,20,Intervals,6.0,Week 3,Cardio: 30-60-90 Intervals,,,,Cardio: 30-60-90 Intervals,15.0,<a href=https://doctorwho.com.br/projects/img/15.gif target='blank'><img src=https://doctorwho.com.br/projects/img/15.gif title='rent' width='150' height='150'/></a>,2022-01-14
92,21,Rest Day,7.0,Week 3,Rest Day,,,,,,,2022-01-15
93,22,Workout A,1.0,Week 4,1. Rower,1.0,500m,,1. Rower,16.0,<a href=https://doctorwho.com.br/projects/img/16.gif target='blank'><img src=https://doctorwho.com.br/projects/img/16.gif title='rent' width='150' height='150'/></a>,2022-01-16
94,22,Workout A,1.0,Week 4,2. Trap Bar Deadlift,10.0,3,"One set on the minute, every minute.",2. Trap Bar Deadlift,17.0,<a href=https://doctorwho.com.br/projects/img/17.gif target='blank'><img src=https://doctorwho.com.br/projects/img/17.gif title='rent' width='150' height='150'/></a>,2022-01-16
95,22,Workout A,1.0,Week 4,1B. Lying Hamstring Curl,3.0,8,,1B. Lying Hamstring Curl,18.0,<a href=https://doctorwho.com.br/projects/img/18.gif target='blank'><img src=https://doctorwho.com.br/projects/img/18.gif title='rent' width='150' height='150'/></a>,2022-01-16
96,22,Workout A,1.0,Week 4,2B. Sandbag Split Squat,3.0,8,,2B. Sandbag Split Squat,19.0,<a href=https://doctorwho.com.br/projects/img/19.gif target='blank'><img src=https://doctorwho.com.br/projects/img/19.gif title='rent' width='150' height='150'/></a>,2022-01-16
97,22,Workout A,1.0,Week 4,3B. Backwards Prowler Drive,3.0,20m,,3B. Backwards Prowler Drive,20.0,<a href=https://doctorwho.com.br/projects/img/20.gif target='blank'><img src=https://doctorwho.com.br/projects/img/20.gif title='rent' width='150' height='150'/></a>,2022-01-16
98,22,Workout A,1.0,Week 4,4. Rower,1.0,500m,,4. Rower,21.0,<a href=https://doctorwho.com.br/projects/img/21.gif target='blank'><img src=https://doctorwho.com.br/projects/img/21.gif title='rent' width='150' height='150'/></a>,2022-01-16
99,23,Intervals,2.0,Week 4,Cardio: 30-60-90 Intervals,,,,Cardio: 30-60-90 Intervals,15.0,<a href=https://doctorwho.com.br/projects/img/15.gif target='blank'><img src=https://doctorwho.com.br/projects/img/15.gif title='rent' width='150' height='150'/></a>,2022-01-17
100,24,Workout B,3.0,Week 4,1. VersaClimber,1.0,300ft,,1. VersaClimber,22.0,<a href=https://doctorwho.com.br/projects/img/22.gif target='blank'><img src=https://doctorwho.com.br/projects/img/22.gif title='rent' width='150' height='150'/></a>,2022-01-18
101,24,Workout B,3.0,Week 4,2. Barbell Bench Press,10.0,3,"One set on the minute, every minute.",2. Barbell Bench Press,23.0,<a href=https://doctorwho.com.br/projects/img/23.gif target='blank'><img src=https://doctorwho.com.br/projects/img/23.gif title='rent' width='150' height='150'/></a>,2022-01-18
102,24,Workout B,3.0,Week 4,1B. Lat Pulldown,3.0,8,,1B. Lat Pulldown,24.0,<a href=https://doctorwho.com.br/projects/img/24.gif target='blank'><img src=https://doctorwho.com.br/projects/img/24.gif title='rent' width='150' height='150'/></a>,2022-01-18
103,24,Workout B,3.0,Week 4,2B. Corner Press,3.0,8,,2B. Corner Press,25.0,<a href=https://doctorwho.com.br/projects/img/25.gif target='blank'><img src=https://doctorwho.com.br/projects/img/25.gif title='rent' width='150' height='150'/></a>,2022-01-18
104,24,Workout B,3.0,Week 4,3B. Sled Row,3.0,40m,,3B. Sled Row,26.0,<a href=https://doctorwho.com.br/projects/img/26.gif target='blank'><img src=https://doctorwho.com.br/projects/img/26.gif title='rent' width='150' height='150'/></a>,2022-01-18
105,24,Workout B,3.0,Week 4,4. VersaClimber,1.0,300ft,,4. VersaClimber,27.0,<a href=https://doctorwho.com.br/projects/img/27.gif target='blank'><img src=https://doctorwho.com.br/projects/img/27.gif title='rent' width='150' height='150'/></a>,2022-01-18
106,25,Rest Day,4.0,Week 4,Rest Day,,,,,,,2022-01-19
107,26,Workout C,5.0,Week 4,1. Run,1.0,1/2 mile,,1. Run,28.0,<a href=https://doctorwho.com.br/projects/img/28.gif target='blank'><img src=https://doctorwho.com.br/projects/img/28.gif title='rent' width='150' height='150'/></a>,2022-01-20
108,26,Workout C,5.0,Week 4,2. Barbell Back Squat,10.0,3,"One set on the minute, every minute.",2. Barbell Back Squat,29.0,<a href=https://doctorwho.com.br/projects/img/29.gif target='blank'><img src=https://doctorwho.com.br/projects/img/29.gif title='rent' width='150' height='150'/></a>,2022-01-20
109,26,Workout C,5.0,Week 4,1B. Romanian Deadlift,3.0,8,,1B. Romanian Deadlift,30.0,<a href=https://doctorwho.com.br/projects/img/30.gif target='blank'><img src=https://doctorwho.com.br/projects/img/30.gif title='rent' width='150' height='150'/></a>,2022-01-20
110,26,Workout C,5.0,Week 4,2B. Single-Arm Dumbbell Row,3.0,8,,2B. Single-Arm Dumbbell Row,31.0,<a href=https://doctorwho.com.br/projects/img/31.gif target='blank'><img src=https://doctorwho.com.br/projects/img/31.gif title='rent' width='150' height='150'/></a>,2022-01-20
111,26,Workout C,5.0,Week 4,3B. Prowler Chest Press,3.0,20m,,3B. Prowler Chest Press,32.0,<a href=https://doctorwho.com.br/projects/img/32.gif target='blank'><img src=https://doctorwho.com.br/projects/img/32.gif title='rent' width='150' height='150'/></a>,2022-01-20
112,26,Workout C,5.0,Week 4,4. Run,1.0,1/2 mile,,4. Run,33.0,<a href=https://doctorwho.com.br/projects/img/33.gif target='blank'><img src=https://doctorwho.com.br/projects/img/33.gif title='rent' width='150' height='150'/></a>,2022-01-20
113,27,Intervals,6.0,Week 4,Cardio: 30-60-90 Intervals,,,,Cardio: 30-60-90 Intervals,15.0,<a href=https://doctorwho.com.br/projects/img/15.gif target='blank'><img src=https://doctorwho.com.br/projects/img/15.gif title='rent' width='150' height='150'/></a>,2022-01-21
114,28,Rest Day,7.0,Week 4,Rest Day,,,,,,,2022-01-22
115,29,Workout A,1.0,Week 5,1. Rower,1.0,500m,,1. Rower,16.0,<a href=https://doctorwho.com.br/projects/img/16.gif target='blank'><img src=https://doctorwho.com.br/projects/img/16.gif title='rent' width='150' height='150'/></a>,2022-01-23
116,29,Workout A,1.0,Week 5,2. Trap Bar Deadlift,10.0,4,"One set on the minute, every minute.",2. Trap Bar Deadlift,17.0,<a href=https://doctorwho.com.br/projects/img/17.gif target='blank'><img src=https://doctorwho.com.br/projects/img/17.gif title='rent' width='150' height='150'/></a>,2022-01-23
117,29,Workout A,1.0,Week 5,1B. Lying Hamstring Curl,3.0,10,,1B. Lying Hamstring Curl,18.0,<a href=https://doctorwho.com.br/projects/img/18.gif target='blank'><img src=https://doctorwho.com.br/projects/img/18.gif title='rent' width='150' height='150'/></a>,2022-01-23
118,29,Workout A,1.0,Week 5,2B. Sandbag Split Squat,3.0,10,,2B. Sandbag Split Squat,19.0,<a href=https://doctorwho.com.br/projects/img/19.gif target='blank'><img src=https://doctorwho.com.br/projects/img/19.gif title='rent' width='150' height='150'/></a>,2022-01-23
119,29,Workout A,1.0,Week 5,3B. Backwards Prowler Drive,3.0,20m,,3B. Backwards Prowler Drive,20.0,<a href=https://doctorwho.com.br/projects/img/20.gif target='blank'><img src=https://doctorwho.com.br/projects/img/20.gif title='rent' width='150' height='150'/></a>,2022-01-23
120,29,Workout A,1.0,Week 5,4. Rower,1.0,500m,,4. Rower,21.0,<a href=https://doctorwho.com.br/projects/img/21.gif target='blank'><img src=https://doctorwho.com.br/projects/img/21.gif title='rent' width='150' height='150'/></a>,2022-01-23
121,30,Intervals,2.0,Week 5,Cardio: 30-60-90 Intervals,,,,Cardio: 30-60-90 Intervals,15.0,<a href=https://doctorwho.com.br/projects/img/15.gif target='blank'><img src=https://doctorwho.com.br/projects/img/15.gif title='rent' width='150' height='150'/></a>,2022-01-24
122,31,Workout B,3.0,Week 5,1. VersaClimber,1.0,300ft,,1. VersaClimber,22.0,<a href=https://doctorwho.com.br/projects/img/22.gif target='blank'><img src=https://doctorwho.com.br/projects/img/22.gif title='rent' width='150' height='150'/></a>,2022-01-25
123,31,Workout B,3.0,Week 5,2. Barbell Bench Press,10.0,4,"One set on the minute, every minute.",2. Barbell Bench Press,23.0,<a href=https://doctorwho.com.br/projects/img/23.gif target='blank'><img src=https://doctorwho.com.br/projects/img/23.gif title='rent' width='150' height='150'/></a>,2022-01-25
124,31,Workout B,3.0,Week 5,1B. Lat Pulldown,3.0,10,,1B. Lat Pulldown,24.0,<a href=https://doctorwho.com.br/projects/img/24.gif target='blank'><img src=https://doctorwho.com.br/projects/img/24.gif title='rent' width='150' height='150'/></a>,2022-01-25
125,31,Workout B,3.0,Week 5,2B. Corner Press,3.0,10,,2B. Corner Press,25.0,<a  href=https://doctorwho.com.br/projects/img/25.gif target='blank'><img src=https://doctorwho.com.br/projects/img/25.gif title='rent' width='150' height='150'/></a>,2022-01-25
126,31,Workout B,3.0,Week 5,3B. Sled Row,3.0,40m,,3B. Sled Row,26.0,<a href=https://doctorwho.com.br/projects/img/26.gif target='blank'><img src=https://doctorwho.com.br/projects/img/26.gif title='rent' width='150' height='150'/></a>,2022-01-25
127,31,Workout B,3.0,Week 5,4. VersaClimber,1.0,300ft,,4. VersaClimber,27.0,<a href=https://doctorwho.com.br/projects/img/27.gif target='blank'><img src=https://doctorwho.com.br/projects/img/27.gif title='rent' width='150' height='150'/></a>,2022-01-25
128,32,Rest Day,4.0,Week 5,Rest Day,,,,,,,2022-01-26
129,33,Workout C,5.0,Week 5,1. Run,1.0,1/2 mile,,1. Run,28.0,<a href=https://doctorwho.com.br/projects/img/28.gif target='blank'><img src=https://doctorwho.com.br/projects/img/28.gif title='rent' width='150' height='150'/></a>,2022-01-27
130,33,Workout C,5.0,Week 5,2. Barbell Back Squat,10.0,4,"One set on the minute, every minute.",2. Barbell Back Squat,29.0,<a href=https://doctorwho.com.br/projects/img/29.gif target='blank'><img src=https://doctorwho.com.br/projects/img/29.gif title='rent' width='150' height='150'/></a>,2022-01-27
131,33,Workout C,5.0,Week 5,1B. Romanian Deadlift,3.0,10,,1B. Romanian Deadlift,30.0,<a href=https://doctorwho.com.br/projects/img/30.gif target='blank'><img src=https://doctorwho.com.br/projects/img/30.gif title='rent' width='150' height='150'/></a>,2022-01-27
132,33,Workout C,5.0,Week 5,2B. Single-Arm Dumbbell Row,3.0,10,,2B. Single-Arm Dumbbell Row,31.0,<a href=https://doctorwho.com.br/projects/img/31.gif target='blank'><img src=https://doctorwho.com.br/projects/img/31.gif title='rent' width='150' height='150'/></a>,2022-01-27
133,33,Workout C,5.0,Week 5,3B. Prowler Chest Press,3.0,20m,,3B. Prowler Chest Press,32.0,<a href=https://doctorwho.com.br/projects/img/32.gif target='blank'><img src=https://doctorwho.com.br/projects/img/32.gif title='rent' width='150' height='150'/></a>,2022-01-27
134,33,Workout C,5.0,Week 5,4. Run,1.0,1/2 mile,,4. Run,33.0,<a href=https://doctorwho.com.br/projects/img/33.gif target='blank'><img src=https://doctorwho.com.br/projects/img/33.gif title='rent' width='150' height='150'/></a>,2022-01-27
135,34,Intervals,6.0,Week 5,Cardio: 30-60-90 Intervals,,,,Cardio: 30-60-90 Intervals,15.0,<a href=https://doctorwho.com.br/projects/img/15.gif target='blank'><img src=https://doctorwho.com.br/projects/img/15.gif title='rent' width='150' height='150'/></a>,2022-01-28
136,35,Rest Day,7.0,Week 5,Rest Day,,,,,,,2022-01-29
137,36,Workout A,1.0,Week 6,1. Rower,1.0,500m,,1. Rower,16.0,<a href=https://doctorwho.com.br/projects/img/16.gif target='blank'><img src=https://doctorwho.com.br/projects/img/16.gif title='rent' width='150' height='150'/></a>,2022-01-30
138,36,Workout A,1.0,Week 6,2. Trap Bar Deadlift,10.0,4,"One set on the minute, every minute.",2. Trap Bar Deadlift,17.0,<a href=https://doctorwho.com.br/projects/img/17.gif target='blank'><img src=https://doctorwho.com.br/projects/img/17.gif title='rent' width='150' height='150'/></a>,2022-01-30
139,36,Workout A,1.0,Week 6,1B. Lying Hamstring Curl,3.0,10,,1B. Lying Hamstring Curl,18.0,<a href=https://doctorwho.com.br/projects/img/18.gif target='blank'><img src=https://doctorwho.com.br/projects/img/18.gif title='rent' width='150' height='150'/></a>,2022-01-30
140,36,Workout A,1.0,Week 6,2B. Sandbag Split Squat,3.0,10,,2B. Sandbag Split Squat,19.0,<a href=https://doctorwho.com.br/projects/img/19.gif target='blank'><img src=https://doctorwho.com.br/projects/img/19.gif title='rent' width='150' height='150'/></a>,2022-01-30
141,36,Workout A,1.0,Week 6,3B. Backwards Prowler Drive,3.0,20m,,3B. Backwards Prowler Drive,20.0,<a href=https://doctorwho.com.br/projects/img/20.gif target='blank'><img src=https://doctorwho.com.br/projects/img/20.gif title='rent' width='150' height='150'/></a>,2022-01-30
142,36,Workout A,1.0,Week 6,4. Rower,1.0,500m,,4. Rower,21.0,<a href=https://doctorwho.com.br/projects/img/21.gif target='blank'><img src=https://doctorwho.com.br/projects/img/21.gif title='rent' width='150' height='150'/></a>,2022-01-30
143,37,Intervals,2.0,Week 6,Cardio: 30-60-90 Intervals,,,,Cardio: 30-60-90 Intervals,15.0,<a href=https://doctorwho.com.br/projects/img/15.gif target='blank'><img src=https://doctorwho.com.br/projects/img/15.gif title='rent' width='150' height='150'/></a>,2022-01-31
144,38,Workout B,3.0,Week 6,1. VersaClimber,1.0,300ft,,1. VersaClimber,22.0,<a href=https://doctorwho.com.br/projects/img/22.gif target='blank'><img src=https://doctorwho.com.br/projects/img/22.gif title='rent' width='150' height='150'/></a>,2022-02-01
145,38,Workout B,3.0,Week 6,2. Barbell Bench Press,10.0,4,"One set on the minute, every minute.",2. Barbell Bench Press,23.0,<a href=https://doctorwho.com.br/projects/img/23.gif target='blank'><img src=https://doctorwho.com.br/projects/img/23.gif title='rent' width='150' height='150'/></a>,2022-02-01
146,38,Workout B,3.0,Week 6,1B. Lat Pulldown,3.0,10,,1B. Lat Pulldown,24.0,<a href=https://doctorwho.com.br/projects/img/24.gif target='blank'><img src=https://doctorwho.com.br/projects/img/24.gif title='rent' width='150' height='150'/></a>,2022-02-01
147,38,Workout B,3.0,Week 6,2B. Corner Press,3.0,10,,2B. Corner Press,25.0,<a href=https://doctorwho.com.br/projects/img/25.gif target='blank'><img src=https://doctorwho.com.br/projects/img/25.gif title='rent' width='150' height='150'/></a>,2022-02-01
148,38,Workout B,3.0,Week 6,3B. Sled Row,3.0,40m,,3B. Sled Row,26.0,<a href=https://doctorwho.com.br/projects/img/26.gif target='blank'><img src=https://doctorwho.com.br/projects/img/26.gif title='rent' width='150' height='150'/></a>,2022-02-01
149,38,Workout B,3.0,Week 6,4. VersaClimber,1.0,300ft,,4. VersaClimber,27.0,<a href=https://doctorwho.com.br/projects/img/27.gif target='blank'><img src=https://doctorwho.com.br/projects/img/27.gif title='rent' width='150' height='150'/></a>,2022-02-01
150,39,Rest Day,4.0,Week 6,Rest Day,,,,,,,2022-02-02
151,40,Workout C,5.0,Week 6,1. Run,1.0,1/2 mile,,1. Run,28.0,<a href=https://doctorwho.com.br/projects/img/28.gif target='blank'><img src=https://doctorwho.com.br/projects/img/28.gif title='rent' width='150' height='150'/></a>,2022-02-03
152,40,Workout C,5.0,Week 6,2. Barbell Back Squat,10.0,4,"One set on the minute, every minute.",2. Barbell Back Squat,29.0,<a href=https://doctorwho.com.br/projects/img/29.gif target='blank'><img src=https://doctorwho.com.br/projects/img/29.gif title='rent' width='150' height='150'/></a>,2022-02-03
153,40,Workout C,5.0,Week 6,1B. Romanian Deadlift,3.0,10,,1B. Romanian Deadlift,30.0,<a href=https://doctorwho.com.br/projects/img/30.gif target='blank'><img src=https://doctorwho.com.br/projects/img/30.gif title='rent' width='150' height='150'/></a>,2022-02-03
154,40,Workout C,5.0,Week 6,2B. Single-Arm Dumbbell Row,3.0,10,,2B. Single-Arm Dumbbell Row,31.0,<a href=https://doctorwho.com.br/projects/img/31.gif target='blank'><img src=https://doctorwho.com.br/projects/img/31.gif title='rent' width='150' height='150'/></a>,2022-02-03
155,40,Workout C,5.0,Week 6,3B. Prowler Chest Press,3.0,20m,,3B. Prowler Chest Press,32.0,<a href=https://doctorwho.com.br/projects/img/32.gif target='blank'><img src=https://doctorwho.com.br/projects/img/32.gif title='rent' width='150' height='150'/></a>,2022-02-03
156,40,Workout C,5.0,Week 6,4. Run,1.0,1/2 mile,,4. Run,33.0,<a href=https://doctorwho.com.br/projects/img/33.gif target='blank'><img src=https://doctorwho.com.br/projects/img/33.gif title='rent' width='150' height='150'/></a>,2022-02-03
157,41,Intervals,6.0,Week 6,Cardio: 30-60-90 Intervals,,,,Cardio: 30-60-90 Intervals,15.0,<a href=https://doctorwho.com.br/projects/img/15.gif target='blank'><img src=https://doctorwho.com.br/projects/img/15.gif title='rent' width='150' height='150'/></a>,2022-02-04
158,42,Rest Day,7.0,Week 6,Rest Day,,,,,,,2022-02-05
159,43,Workout A,1.0,Week 7,1A. Barbell Back Squat,3.0,8,,1A. Barbell Back Squat,34.0,<a href=https://doctorwho.com.br/projects/img/34.gif target='blank'><img src=https://doctorwho.com.br/projects/img/34.gif title='rent' width='150' height='150'/></a>,2022-02-06
160,43,Workout A,1.0,Week 7,2A. Seated Dumbbell Shoulder Press,3.0,10,,2A. Seated Dumbbell Shoulder Press,35.0,<a href=https://doctorwho.com.br/projects/img/35.gif target='blank'><img src=https://doctorwho.com.br/projects/img/35.gif title='rent' width='150' height='150'/></a>,2022-02-06
161,43,Workout A,1.0,Week 7,3A. Dumbbell Stepups,3.0,10,,3A. Dumbbell Stepups,36.0,<a href=https://doctorwho.com.br/projects/img/36.gif target='blank'><img src=https://doctorwho.com.br/projects/img/36.gif title='rent' width='150' height='150'/></a>,2022-02-06
162,43,Workout A,1.0,Week 7,4A. Prowler Drive,3.0,40m,,4A. Prowler Drive,37.0,<a href=https://doctorwho.com.br/projects/img/37.gif target='blank'><img src=https://doctorwho.com.br/projects/img/37.gif title='rent' width='150' height='150'/></a>,2022-02-06
163,43,Workout A,1.0,Week 7,1B. Pullups,3.0,8,,1B. Pullups,38.0,<a href=https://doctorwho.com.br/projects/img/38.gif target='blank'><img src=https://doctorwho.com.br/projects/img/38.gif title='rent' width='150' height='150'/></a>,2022-02-06
164,43,Workout A,1.0,Week 7,2B. Walking Lunge,3.0,10,,2B. Walking Lunge,39.0,<a href=https://doctorwho.com.br/projects/img/39.gif target='blank'><img src=https://doctorwho.com.br/projects/img/39.gif title='rent' width='150' height='150'/></a>,2022-02-06
165,43,Workout A,1.0,Week 7,3B. Pushups,3.0,12,,3B. Pushups,40.0,<a href=https://doctorwho.com.br/projects/img/40.gif target='blank'><img src=https://doctorwho.com.br/projects/img/40.gif title='rent' width='150' height='150'/></a>,2022-02-06
166,43,Workout A,1.0,Week 7,4B. Farmer’s Walk,3.0,40m,,,,,2022-02-06
167,44,Workout B,2.0,Week 7,1A. Sumo Deadlift,3.0,8,,1A. Sumo Deadlift,42.0,<a href=https://doctorwho.com.br/projects/img/42.gif target='blank'><img src=https://doctorwho.com.br/projects/img/42.gif title='rent' width='150' height='150'/></a>,2022-02-07
168,44,Workout B,2.0,Week 7,2A. Seated Cable Row,3.0,10,,2A. Seated Cable Row,43.0,<a href=https://doctorwho.com.br/projects/img/43.gif target='blank'><img src=https://doctorwho.com.br/projects/img/43.gif title='rent' width='150' height='150'/></a>,2022-02-07
169,44,Workout B,2.0,Week 7,3A. Alternating Stepback Lunge,3.0,10,,3A. Alternating Stepback Lunge,44.0,<a href=https://doctorwho.com.br/projects/img/44.gif target='blank'><img src=https://doctorwho.com.br/projects/img/44.gif title='rent' width='150' height='150'/></a>,2022-02-07
170,44,Workout B,2.0,Week 7,4A. Dumbbell Curl to Overhead Press,3.0,12,,4A. Dumbbell Curl to Overhead Press,45.0,<a href=https://doctorwho.com.br/projects/img/45.gif target='blank'><img src=https://doctorwho.com.br/projects/img/45.gif title='rent' width='150' height='150'/></a>,2022-02-07
171,44,Workout B,2.0,Week 7,1B. Incline Dumbbell Chest Press,3.0,8,,1B. Incline Dumbbell Chest Press,46.0,<a href=https://doctorwho.com.br/projects/img/46.gif target='blank'><img src=https://doctorwho.com.br/projects/img/46.gif title='rent' width='150' height='150'/></a>,2022-02-07
172,44,Workout B,2.0,Week 7,2B. Lying Hamstring Curl,3.0,10,,2B. Lying Hamstring Curl,47.0,<a href=https://doctorwho.com.br/projects/img/47.gif target='blank'><img src=https://doctorwho.com.br/projects/img/47.gif title='rent' width='150' height='150'/></a>,2022-02-07
173,44,Workout B,2.0,Week 7,3B. Cable Triceps Rope Pressdown,3.0,12,,3B. Cable Triceps Rope Pressdown,48.0,<a href=https://doctorwho.com.br/projects/img/48.gif target='blank'><img src=https://doctorwho.com.br/projects/img/48.gif title='rent' width='150' height='150'/></a>,2022-02-07
174,44,Workout B,2.0,Week 7,4B. Hanging Leg Raise,3.0,12,,4B. Hanging Leg Raise,49.0,<a href=https://doctorwho.com.br/projects/img/49.gif target='blank'><img src=https://doctorwho.com.br/projects/img/49.gif title='rent' width='150' height='150'/></a>,2022-02-07
175,45,Intervals,3.0,Week 7,Cardio: 30-60-90 Intervals,,,,Cardio: 30-60-90 Intervals,15.0,<a href=https://doctorwho.com.br/projects/img/15.gif target='blank'><img src=https://doctorwho.com.br/projects/img/15.gif title='rent' width='150' height='150'/></a>,2022-02-08
176,46,Workout A,4.0,Week 7,1A. Barbell Back Squat,3.0,8,,1A. Barbell Back Squat,34.0,<a href=https://doctorwho.com.br/projects/img/34.gif target='blank'><img src=https://doctorwho.com.br/projects/img/34.gif title='rent' width='150' height='150'/></a>,2022-02-09
177,46,Workout A,4.0,Week 7,2A. Seated Dumbbell Shoulder Press,3.0,10,,2A. Seated Dumbbell Shoulder Press,35.0,<a href=https://doctorwho.com.br/projects/img/35.gif target='blank'><img src=https://doctorwho.com.br/projects/img/35.gif title='rent' width='150' height='150'/></a>,2022-02-09
178,46,Workout A,4.0,Week 7,3A. Dumbbell Stepups,3.0,10,,3A. Dumbbell Stepups,36.0,<a href=https://doctorwho.com.br/projects/img/36.gif target='blank'><img src=https://doctorwho.com.br/projects/img/36.gif title='rent' width='150' height='150'/></a>,2022-02-09
179,46,Workout A,4.0,Week 7,4A. Prowler Drive,3.0,40m,,4A. Prowler Drive,37.0,<a href=https://doctorwho.com.br/projects/img/37.gif target='blank'><img src=https://doctorwho.com.br/projects/img/37.gif title='rent' width='150' height='150'/></a>,2022-02-09
180,46,Workout A,4.0,Week 7,1B. Pullups,3.0,8,,1B. Pullups,38.0,<a href=https://doctorwho.com.br/projects/img/38.gif target='blank'><img src=https://doctorwho.com.br/projects/img/38.gif title='rent' width='150' height='150'/></a>,2022-02-09
181,46,Workout A,4.0,Week 7,2B. Walking Lunge,3.0,10,,2B. Walking Lunge,39.0,<a href=https://doctorwho.com.br/projects/img/39.gif target='blank'><img src=https://doctorwho.com.br/projects/img/39.gif title='rent' width='150' height='150'/></a>,2022-02-09
182,46,Workout A,4.0,Week 7,3B. Pushups,3.0,12,,3B. Pushups,40.0,<a href=https://doctorwho.com.br/projects/img/40.gif target='blank'><img src=https://doctorwho.com.br/projects/img/40.gif title='rent' width='150' height='150'/></a>,2022-02-09
183,46,Workout A,4.0,Week 7,4B. Farmer’s Walk,3.0,40m,,,,,2022-02-09
184,47,Intervals,5.0,Week 7,Cardio: 30-60-90 Intervals,,,,Cardio: 30-60-90 Intervals,15.0,<a href=https://doctorwho.com.br/projects/img/15.gif target='blank'><img src=https://doctorwho.com.br/projects/img/15.gif title='rent' width='150' height='150'/></a>,2022-02-10
185,48,Workout B,6.0,Week 7,1A. Sumo Deadlift,3.0,8,,1A. Sumo Deadlift,42.0,<a href=https://doctorwho.com.br/projects/img/42.gif target='blank'><img src=https://doctorwho.com.br/projects/img/42.gif title='rent' width='150' height='150'/></a>,2022-02-11
186,48,Workout B,6.0,Week 7,2A. Seated Cable Row,3.0,10,,2A. Seated Cable Row,43.0,<a href=https://doctorwho.com.br/projects/img/43.gif target='blank'><img src=https://doctorwho.com.br/projects/img/43.gif title='rent' width='150' height='150'/></a>,2022-02-11
187,48,Workout B,6.0,Week 7,3A. Alternating Stepback Lunge,3.0,10,,3A. Alternating Stepback Lunge,44.0,<a href=https://doctorwho.com.br/projects/img/44.gif target='blank'><img src=https://doctorwho.com.br/projects/img/44.gif title='rent' width='150' height='150'/></a>,2022-02-11
188,48,Workout B,6.0,Week 7,4A. Dumbbell Curl to Overhead Press,3.0,12,,4A. Dumbbell Curl to Overhead Press,45.0,<a href=https://doctorwho.com.br/projects/img/45.gif target='blank'><img src=https://doctorwho.com.br/projects/img/45.gif title='rent' width='150' height='150'/></a>,2022-02-11
189,48,Workout B,6.0,Week 7,1B. Incline Dumbbell Chest Press,3.0,8,,1B. Incline Dumbbell Chest Press,46.0,<a href=https://doctorwho.com.br/projects/img/46.gif target='blank'><img src=https://doctorwho.com.br/projects/img/46.gif title='rent' width='150' height='150'/></a>,2022-02-11
190,48,Workout B,6.0,Week 7,2B. Lying Hamstring Curl,3.0,10,,2B. Lying Hamstring Curl,47.0,<a href=https://doctorwho.com.br/projects/img/47.gif target='blank'><img src=https://doctorwho.com.br/projects/img/47.gif title='rent' width='150' height='150'/></a>,2022-02-11
191,48,Workout B,6.0,Week 7,3B. Cable Triceps Rope Pressdown,3.0,12,,3B. Cable Triceps Rope Pressdown,48.0,<a href=https://doctorwho.com.br/projects/img/48.gif target='blank'><img src=https://doctorwho.com.br/projects/img/48.gif title='rent' width='150' height='150'/></a>,2022-02-11
192,48,Workout B,6.0,Week 7,4B. Hanging Leg Raise,3.0,12,,4B. Hanging Leg Raise,49.0,<a href=https://doctorwho.com.br/projects/img/49.gif target='blank'><img src=https://doctorwho.com.br/projects/img/49.gif title='rent' width='150' height='150'/></a>,2022-02-11
193,49,Rest Day,7.0,Week 7,Rest Day,,,,,,,2022-02-12
194,50,Workout A,1.0,Week 8,1A. Barbell Back Squat,3.0,10,,1A. Barbell Back Squat,34.0,<a href=https://doctorwho.com.br/projects/img/34.gif target='blank'><img src=https://doctorwho.com.br/projects/img/34.gif title='rent' width='150' height='150'/></a>,2022-02-13
195,50,Workout A,1.0,Week 8,2A. Seated Dumbbell Shoulder Press,3.0,12,,2A. Seated Dumbbell Shoulder Press,35.0,<a href=https://doctorwho.com.br/projects/img/35.gif target='blank'><img src=https://doctorwho.com.br/projects/img/35.gif title='rent' width='150' height='150'/></a>,2022-02-13
196,50,Workout A,1.0,Week 8,3A. Dumbbell Stepups,3.0,12,,3A. Dumbbell Stepups,36.0,<a href=https://doctorwho.com.br/projects/img/36.gif target='blank'><img src=https://doctorwho.com.br/projects/img/36.gif title='rent' width='150' height='150'/></a>,2022-02-13
197,50,Workout A,1.0,Week 8,4A. Prowler Drive,3.0,40m,,4A. Prowler Drive,37.0,<a href=https://doctorwho.com.br/projects/img/37.gif target='blank'><img src=https://doctorwho.com.br/projects/img/37.gif title='rent' width='150' height='150'/></a>,2022-02-13
198,50,Workout A,1.0,Week 8,1B. Pullups,3.0,10,,1B. Pullups,38.0,<a href=https://doctorwho.com.br/projects/img/38.gif target='blank'><img src=https://doctorwho.com.br/projects/img/38.gif title='rent' width='150' height='150'/></a>,2022-02-13
199,50,Workout A,1.0,Week 8,2B. Walking Lunge,3.0,12,,2B. Walking Lunge,39.0,<a href=https://doctorwho.com.br/projects/img/39.gif target='blank'><img src=https://doctorwho.com.br/projects/img/39.gif title='rent' width='150' height='150'/></a>,2022-02-13
200,50,Workout A,1.0,Week 8,3B. Pushups,3.0,12,,3B. Pushups,40.0,<a href=https://doctorwho.com.br/projects/img/40.gif target='blank'><img src=https://doctorwho.com.br/projects/img/40.gif title='rent' width='150' height='150'/></a>,2022-02-13
201,50,Workout A,1.0,Week 8,4B. Farmer’s Walk,3.0,40m,,,,,2022-02-13
202,51,Workout B,2.0,Week 8,1A. Sumo Deadlift,3.0,10,,1A. Sumo Deadlift,42.0,<a href=https://doctorwho.com.br/projects/img/42.gif target='blank'><img src=https://doctorwho.com.br/projects/img/42.gif title='rent' width='150' height='150'/></a>,2022-02-14
203,51,Workout B,2.0,Week 8,2A. Seated Cable Row,3.0,12,,2A. Seated Cable Row,43.0,<a href=https://doctorwho.com.br/projects/img/43.gif target='blank'><img src=https://doctorwho.com.br/projects/img/43.gif title='rent' width='150' height='150'/></a>,2022-02-14
204,51,Workout B,2.0,Week 8,3A. Alternating Stepback Lunge,3.0,12,,3A. Alternating Stepback Lunge,44.0,<a href=https://doctorwho.com.br/projects/img/44.gif target='blank'><img src=https://doctorwho.com.br/projects/img/44.gif title='rent' width='150' height='150'/></a>,2022-02-14
205,51,Workout B,2.0,Week 8,4A. Dumbbell Curl to Overhead Press,3.0,15,,4A. Dumbbell Curl to Overhead Press,45.0,<a href=https://doctorwho.com.br/projects/img/45.gif target='blank'><img src=https://doctorwho.com.br/projects/img/45.gif title='rent' width='150' height='150'/></a>,2022-02-14
206,51,Workout B,2.0,Week 8,1B. Incline Dumbbell Chest Press,3.0,10,,1B. Incline Dumbbell Chest Press,46.0,<a href=https://doctorwho.com.br/projects/img/46.gif target='blank'><img src=https://doctorwho.com.br/projects/img/46.gif title='rent' width='150' height='150'/></a>,2022-02-14
207,51,Workout B,2.0,Week 8,2B. Lying Hamstring Curl,3.0,12,,2B. Lying Hamstring Curl,47.0,<a href=https://doctorwho.com.br/projects/img/47.gif target='blank'><img src=https://doctorwho.com.br/projects/img/47.gif title='rent' width='150' height='150'/></a>,2022-02-14
208,51,Workout B,2.0,Week 8,3B. Cable Triceps Rope Pressdown,3.0,15,,3B. Cable Triceps Rope Pressdown,48.0,<a href=https://doctorwho.com.br/projects/img/48.gif target='blank'><img src=https://doctorwho.com.br/projects/img/48.gif title='rent' width='150' height='150'/></a>,2022-02-14
209,51,Workout B,2.0,Week 8,4B. Hanging Leg Raise,3.0,15,,4B. Hanging Leg Raise,49.0,<a href=https://doctorwho.com.br/projects/img/49.gif target='blank'><img src=https://doctorwho.com.br/projects/img/49.gif title='rent' width='150' height='150'/></a>,2022-02-14
210,52,Intervals,3.0,Week 8,Cardio: 30-60-90 Intervals,,,,Cardio: 30-60-90 Intervals,15.0,<a href=https://doctorwho.com.br/projects/img/15.gif target='blank'><img src=https://doctorwho.com.br/projects/img/15.gif title='rent' width='150' height='150'/></a>,2022-02-15
211,53,Workout A,4.0,Week 8,1A. Barbell Back Squat,3.0,10,,1A. Barbell Back Squat,34.0,<a href=https://doctorwho.com.br/projects/img/34.gif target='blank'><img src=https://doctorwho.com.br/projects/img/34.gif title='rent' width='150' height='150'/></a>,2022-02-16
212,53,Workout A,4.0,Week 8,2A. Seated Dumbbell Shoulder Press,3.0,12,,2A. Seated Dumbbell Shoulder Press,35.0,<a href=https://doctorwho.com.br/projects/img/35.gif target='blank'><img src=https://doctorwho.com.br/projects/img/35.gif title='rent' width='150' height='150'/></a>,2022-02-16
213,53,Workout A,4.0,Week 8,3A. Dumbbell Stepups,3.0,12,,3A. Dumbbell Stepups,36.0,<a href=https://doctorwho.com.br/projects/img/36.gif target='blank'><img src=https://doctorwho.com.br/projects/img/36.gif title='rent' width='150' height='150'/></a>,2022-02-16
214,53,Workout A,4.0,Week 8,4A. Prowler Drive,3.0,40m,,4A. Prowler Drive,37.0,<a href=https://doctorwho.com.br/projects/img/37.gif target='blank'><img src=https://doctorwho.com.br/projects/img/37.gif title='rent' width='150' height='150'/></a>,2022-02-16
215,53,Workout A,4.0,Week 8,1B. Pullups,3.0,10,,1B. Pullups,38.0,<a href=https://doctorwho.com.br/projects/img/38.gif target='blank'><img src=https://doctorwho.com.br/projects/img/38.gif title='rent' width='150' height='150'/></a>,2022-02-16
216,53,Workout A,4.0,Week 8,2B. Walking Lunge,3.0,12,,2B. Walking Lunge,39.0,<a href=https://doctorwho.com.br/projects/img/39.gif target='blank'><img src=https://doctorwho.com.br/projects/img/39.gif title='rent' width='150' height='150'/></a>,2022-02-16
217,53,Workout A,4.0,Week 8,3B. Pushups,3.0,12,,3B. Pushups,40.0,<a href=https://doctorwho.com.br/projects/img/40.gif target='blank'><img src=https://doctorwho.com.br/projects/img/40.gif title='rent' width='150' height='150'/></a>,2022-02-16
218,53,Workout A,4.0,Week 8,4B. Farmer’s Walk,3.0,40m,,,,,2022-02-16
219,54,Intervals,5.0,Week 8,Cardio: 30-60-90 Intervals,,,,Cardio: 30-60-90 Intervals,15.0,<a href=https://doctorwho.com.br/projects/img/15.gif target='blank'><img src=https://doctorwho.com.br/projects/img/15.gif title='rent' width='150' height='150'/></a>,2022-02-17
220,55,Workout B,6.0,Week 8,1A. Sumo Deadlift,3.0,10,,1A. Sumo Deadlift,42.0,<a href=https://doctorwho.com.br/projects/img/42.gif target='blank'><img src=https://doctorwho.com.br/projects/img/42.gif title='rent' width='150' height='150'/></a>,2022-02-18
221,55,Workout B,6.0,Week 8,2A. Seated Cable Row,3.0,12,,2A. Seated Cable Row,43.0,<a href=https://doctorwho.com.br/projects/img/43.gif target='blank'><img src=https://doctorwho.com.br/projects/img/43.gif title='rent' width='150' height='150'/></a>,2022-02-18
222,55,Workout B,6.0,Week 8,3A. Alternating Stepback Lunge,3.0,12,,3A. Alternating Stepback Lunge,44.0,<a href=https://doctorwho.com.br/projects/img/44.gif target='blank'><img src=https://doctorwho.com.br/projects/img/44.gif title='rent' width='150' height='150'/></a>,2022-02-18
223,55,Workout B,6.0,Week 8,4A. Dumbbell Curl to Overhead Press,3.0,15,,4A. Dumbbell Curl to Overhead Press,45.0,<a href=https://doctorwho.com.br/projects/img/45.gif target='blank'><img src=https://doctorwho.com.br/projects/img/45.gif title='rent' width='150' height='150'/></a>,2022-02-18
224,55,Workout B,6.0,Week 8,1B. Incline Dumbbell Chest Press,3.0,10,,1B. Incline Dumbbell Chest Press,46.0,<a href=https://doctorwho.com.br/projects/img/46.gif target='blank'><img src=https://doctorwho.com.br/projects/img/46.gif title='rent' width='150' height='150'/></a>,2022-02-18
225,55,Workout B,6.0,Week 8,2B. Lying Hamstring Curl,3.0,12,,2B. Lying Hamstring Curl,47.0,<a href=https://doctorwho.com.br/projects/img/47.gif target='blank'><img src=https://doctorwho.com.br/projects/img/47.gif title='rent' width='150' height='150'/></a>,2022-02-18
226,55,Workout B,6.0,Week 8,3B. Cable Triceps Rope Pressdown,3.0,15,,3B. Cable Triceps Rope Pressdown,48.0,<a href=https://doctorwho.com.br/projects/img/48.gif target='blank'><img src=https://doctorwho.com.br/projects/img/48.gif title='rent' width='150' height='150'/></a>,2022-02-18
227,55,Workout B,6.0,Week 8,4B. Hanging Leg Raise,3.0,15,,4B. Hanging Leg Raise,49.0,<a href=https://doctorwho.com.br/projects/img/49.gif target='blank'><img src=https://doctorwho.com.br/projects/img/49.gif title='rent' width='150' height='150'/></a>,2022-02-18
228,56,Rest Day,7.0,Week 8,Rest Day,,,,,,,2022-02-19
229,57,Workout A,1.0,Week 9,1A. Barbell Back Squat,4.0,10,,1A. Barbell Back Squat,34.0,<a href=https://doctorwho.com.br/projects/img/34.gif target='blank'><img src=https://doctorwho.com.br/projects/img/34.gif title='rent' width='150' height='150'/></a>,2022-02-20
230,57,Workout A,1.0,Week 9,2A. Seated Dumbbell Shoulder Press,4.0,12,,2A. Seated Dumbbell Shoulder Press,35.0,<a href=https://doctorwho.com.br/projects/img/35.gif target='blank'><img src=https://doctorwho.com.br/projects/img/35.gif title='rent' width='150' height='150'/></a>,2022-02-20
231,57,Workout A,1.0,Week 9,3A. Dumbbell Stepups,4.0,12,,3A. Dumbbell Stepups,36.0,<a href=https://doctorwho.com.br/projects/img/36.gif target='blank'><img src=https://doctorwho.com.br/projects/img/36.gif title='rent' width='150' height='150'/></a>,2022-02-20
232,57,Workout A,1.0,Week 9,4A. Prowler Drive,4.0,40m,,4A. Prowler Drive,37.0,<a href=https://doctorwho.com.br/projects/img/37.gif target='blank'><img src=https://doctorwho.com.br/projects/img/37.gif title='rent' width='150' height='150'/></a>,2022-02-20
233,57,Workout A,1.0,Week 9,1B. Pullups,4.0,10,,1B. Pullups,38.0,<a href=https://doctorwho.com.br/projects/img/38.gif target='blank'><img src=https://doctorwho.com.br/projects/img/38.gif title='rent' width='150' height='150'/></a>,2022-02-20
234,57,Workout A,1.0,Week 9,2B. Walking Lunge,4.0,12,,2B. Walking Lunge,39.0,<a href=https://doctorwho.com.br/projects/img/39.gif target='blank'><img src=https://doctorwho.com.br/projects/img/39.gif title='rent' width='150' height='150'/></a>,2022-02-20
235,57,Workout A,1.0,Week 9,3B. Pushups,4.0,12,,3B. Pushups,40.0,<a href=https://doctorwho.com.br/projects/img/40.gif target='blank'><img src=https://doctorwho.com.br/projects/img/40.gif title='rent' width='150' height='150'/></a>,2022-02-20
236,57,Workout A,1.0,Week 9,4B. Farmer’s Walk,4.0,40m,,,,,2022-02-20
237,58,Workout B,2.0,Week 9,1A. Sumo Deadlift,4.0,10,,1A. Sumo Deadlift,42.0,<a href=https://doctorwho.com.br/projects/img/42.gif target='blank'><img src=https://doctorwho.com.br/projects/img/42.gif title='rent' width='150' height='150'/></a>,2022-02-21
238,58,Workout B,2.0,Week 9,2A. Seated Cable Row,4.0,12,,2A. Seated Cable Row,43.0,<a href=https://doctorwho.com.br/projects/img/43.gif target='blank'><img src=https://doctorwho.com.br/projects/img/43.gif title='rent' width='150' height='150'/></a>,2022-02-21
239,58,Workout B,2.0,Week 9,3A. Alternating Stepback Lunge,4.0,12,,3A. Alternating Stepback Lunge,44.0,<a href=https://doctorwho.com.br/projects/img/44.gif target='blank'><img src=https://doctorwho.com.br/projects/img/44.gif title='rent' width='150' height='150'/></a>,2022-02-21
240,58,Workout B,2.0,Week 9,4A. Dumbbell Curl to Overhead Press,4.0,15,,4A. Dumbbell Curl to Overhead Press,45.0,<a href=https://doctorwho.com.br/projects/img/45.gif target='blank'><img src=https://doctorwho.com.br/projects/img/45.gif title='rent' width='150' height='150'/></a>,2022-02-21
241,58,Workout B,2.0,Week 9,1B. Incline Dumbbell Chest Press,4.0,10,,1B. Incline Dumbbell Chest Press,46.0,<a href=https://doctorwho.com.br/projects/img/46.gif target='blank'><img src=https://doctorwho.com.br/projects/img/46.gif title='rent' width='150' height='150'/></a>,2022-02-21
242,58,Workout B,2.0,Week 9,2B. Lying Hamstring Curl,4.0,12,,2B. Lying Hamstring Curl,47.0,<a href=https://doctorwho.com.br/projects/img/47.gif target='blank'><img src=https://doctorwho.com.br/projects/img/47.gif title='rent' width='150' height='150'/></a>,2022-02-21
243,58,Workout B,2.0,Week 9,3B. Cable Triceps Rope Pressdown,4.0,15,,3B. Cable Triceps Rope Pressdown,48.0,<a href=https://doctorwho.com.br/projects/img/48.gif target='blank'><img src=https://doctorwho.com.br/projects/img/48.gif title='rent' width='150' height='150'/></a>,2022-02-21
244,58,Workout B,2.0,Week 9,4B. Hanging Leg Raise,4.0,15,,4B. Hanging Leg Raise,49.0,<a href=https://doctorwho.com.br/projects/img/49.gif target='blank'><img src=https://doctorwho.com.br/projects/img/49.gif title='rent' width='150' height='150'/></a>,2022-02-21
245,59,Intervals,3.0,Week 9,Cardio: 30-60-90 Intervals,,,,Cardio: 30-60-90 Intervals,15.0,<a href=https://doctorwho.com.br/projects/img/15.gif target='blank'><img src=https://doctorwho.com.br/projects/img/15.gif title='rent' width='150' height='150'/></a>,2022-02-22
246,60,Workout A,4.0,Week 9,1A. Barbell Back Squat,4.0,10,,1A. Barbell Back Squat,34.0,<a href=https://doctorwho.com.br/projects/img/34.gif target='blank'><img src=https://doctorwho.com.br/projects/img/34.gif title='rent' width='150' height='150'/></a>,2022-02-23
247,60,Workout A,4.0,Week 9,2A. Seated Dumbbell Shoulder Press,4.0,12,,2A. Seated Dumbbell Shoulder Press,35.0,<a href=https://doctorwho.com.br/projects/img/35.gif target='blank'><img src=https://doctorwho.com.br/projects/img/35.gif title='rent' width='150' height='150'/></a>,2022-02-23
248,60,Workout A,4.0,Week 9,3A. Dumbbell Stepups,4.0,12,,3A. Dumbbell Stepups,36.0,<a href=https://doctorwho.com.br/projects/img/36.gif target='blank'><img src=https://doctorwho.com.br/projects/img/36.gif title='rent' width='150' height='150'/></a>,2022-02-23
249,60,Workout A,4.0,Week 9,4A. Prowler Drive,4.0,40m,,4A. Prowler Drive,37.0,<a href=https://doctorwho.com.br/projects/img/37.gif target='blank'><img src=https://doctorwho.com.br/projects/img/37.gif title='rent' width='150' height='150'/></a>,2022-02-23
250,60,Workout A,4.0,Week 9,1B. Pullups,4.0,10,,1B. Pullups,38.0,<a href=https://doctorwho.com.br/projects/img/38.gif target='blank'><img src=https://doctorwho.com.br/projects/img/38.gif title='rent' width='150' height='150'/></a>,2022-02-23
251,60,Workout A,4.0,Week 9,2B. Walking Lunge,4.0,12,,2B. Walking Lunge,39.0,<a href=https://doctorwho.com.br/projects/img/39.gif target='blank'><img src=https://doctorwho.com.br/projects/img/39.gif title='rent' width='150' height='150'/></a>,2022-02-23
252,60,Workout A,4.0,Week 9,3B. Pushups,4.0,12,,3B. Pushups,40.0,<a href=https://doctorwho.com.br/projects/img/40.gif target='blank'><img src=https://doctorwho.com.br/projects/img/40.gif title='rent' width='150' height='150'/></a>,2022-02-23
253,60,Workout A,4.0,Week 9,4B. Farmer’s Walk,4.0,40m,,,,,2022-02-23
254,61,Intervals,5.0,Week 9,Cardio: 30-60-90 Intervals,,,,Cardio: 30-60-90 Intervals,15.0,<a href=https://doctorwho.com.br/projects/img/15.gif target='blank'><img src=https://doctorwho.com.br/projects/img/15.gif title='rent' width='150' height='150'/></a>,2022-02-24
255,62,Workout B,6.0,Week 9,1A. Sumo Deadlift,4.0,10,,1A. Sumo Deadlift,42.0,<a href=https://doctorwho.com.br/projects/img/42.gif target='blank'><img src=https://doctorwho.com.br/projects/img/42.gif title='rent' width='150' height='150'/></a>,2022-02-25
256,62,Workout B,6.0,Week 9,2A. Seated Cable Row,4.0,12,,2A. Seated Cable Row,43.0,<a href=https://doctorwho.com.br/projects/img/43.gif target='blank'><img src=https://doctorwho.com.br/projects/img/43.gif title='rent' width='150' height='150'/></a>,2022-02-25
257,62,Workout B,6.0,Week 9,3A. Alternating Stepback Lunge,4.0,12,,3A. Alternating Stepback Lunge,44.0,<a href=https://doctorwho.com.br/projects/img/44.gif target='blank'><img src=https://doctorwho.com.br/projects/img/44.gif title='rent' width='150' height='150'/></a>,2022-02-25
258,62,Workout B,6.0,Week 9,4A. Dumbbell Curl to Overhead Press,4.0,15,,4A. Dumbbell Curl to Overhead Press,45.0,<a href=https://doctorwho.com.br/projects/img/45.gif target='blank'><img src=https://doctorwho.com.br/projects/img/45.gif title='rent' width='150' height='150'/></a>,2022-02-25
259,62,Workout B,6.0,Week 9,1B. Incline Dumbbell Chest Press,4.0,10,,1B. Incline Dumbbell Chest Press,46.0,<a href=https://doctorwho.com.br/projects/img/46.gif target='blank'><img src=https://doctorwho.com.br/projects/img/46.gif title='rent' width='150' height='150'/></a>,2022-02-25
260,62,Workout B,6.0,Week 9,2B. Lying Hamstring Curl,4.0,12,,2B. Lying Hamstring Curl,47.0,<a href=https://doctorwho.com.br/projects/img/47.gif target='blank'><img src=https://doctorwho.com.br/projects/img/47.gif title='rent' width='150' height='150'/></a>,2022-02-25
261,62,Workout B,6.0,Week 9,3B. Cable Triceps Rope Pressdown,4.0,15,,3B. Cable Triceps Rope Pressdown,48.0,<a href=https://doctorwho.com.br/projects/img/48.gif target='blank'><img src=https://doctorwho.com.br/projects/img/48.gif title='rent' width='150' height='150'/></a>,2022-02-25
262,62,Workout B,6.0,Week 9,4B. Hanging Leg Raise,4.0,15,,4B. Hanging Leg Raise,49.0,<a href=https://doctorwho.com.br/projects/img/49.gif target='blank'><img src=https://doctorwho.com.br/projects/img/49.gif title='rent' width='150' height='150'/></a>,2022-02-25
263,63,Rest Day,7.0,Week 9,Rest Day,,,,,,,2022-02-26
264,64,Workout A,1.0,Week 10,1A. Flat Barbell Bench Press,3.0,8,,1A. Flat Barbell Bench Press,50.0,<a href=https://doctorwho.com.br/projects/img/50.gif target='blank'><img src=https://doctorwho.com.br/projects/img/50.gif title='rent' width='150' height='150'/></a>,2022-02-27
265,64,Workout A,1.0,Week 10,2A. Incline Dummbell Chest Press,3.0,8,,2A. Incline Dummbell Chest Press,51.0,<a href=https://doctorwho.com.br/projects/img/51.gif target='blank'><img src=https://doctorwho.com.br/projects/img/51.gif title='rent' width='150' height='150'/></a>,2022-02-27
266,64,Workout A,1.0,Week 10,3A. High-to-Low Cable Chest Flye,3.0,15,,3A. High-to-Low Cable Chest Flye,52.0,<a href=https://doctorwho.com.br/projects/img/52.gif target='blank'><img src=https://doctorwho.com.br/projects/img/52.gif title='rent' width='150' height='150'/></a>,2022-02-27
267,64,Workout A,1.0,Week 10,1B. Chinup,3.0,8,,1B. Chinup,53.0,<a href=https://doctorwho.com.br/projects/img/53.gif target='blank'><img src=https://doctorwho.com.br/projects/img/53.gif title='rent' width='150' height='150'/></a>,2022-02-27
268,64,Workout A,1.0,Week 10,2B. Seated Cable Row,3.0,8,,2B. Seated Cable Row,54.0,<a href=https://doctorwho.com.br/projects/img/54.gif target='blank'><img src=https://doctorwho.com.br/projects/img/54.gif title='rent' width='150' height='150'/></a>,2022-02-27
269,64,Workout A,1.0,Week 10,3B. Straight Arm Pulldown,3.0,15,,3B. Straight Arm Pulldown,55.0,<a href=https://doctorwho.com.br/projects/img/55.gif target='blank'><img src=https://doctorwho.com.br/projects/img/55.gif title='rent' width='150' height='150'/></a>,2022-02-27
270,65,Workout B,2.0,Week 10,1A. Barbell Back Squat,3.0,8,,1A. Barbell Back Squat,34.0,<a href=https://doctorwho.com.br/projects/img/34.gif target='blank'><img src=https://doctorwho.com.br/projects/img/34.gif title='rent' width='150' height='150'/></a>,2022-02-28
271,65,Workout B,2.0,Week 10,2A. Cyclist Squat,3.0,8,,2A. Cyclist Squat,56.0,<a href=https://doctorwho.com.br/projects/img/56.gif target='blank'><img src=https://doctorwho.com.br/projects/img/56.gif title='rent' width='150' height='150'/></a>,2022-02-28
272,65,Workout B,2.0,Week 10,3A. Leg Extension,3.0,15,,3A. Leg Extension,57.0,<a href=https://doctorwho.com.br/projects/img/57.gif target='blank'><img src=https://doctorwho.com.br/projects/img/57.gif title='rent' width='150' height='150'/></a>,2022-02-28
273,65,Workout B,2.0,Week 10,1B. Lying Hamstring Curl,3.0,8,,1B. Lying Hamstring Curl,18.0,<a href=https://doctorwho.com.br/projects/img/18.gif target='blank'><img src=https://doctorwho.com.br/projects/img/18.gif title='rent' width='150' height='150'/></a>,2022-02-28
274,65,Workout B,2.0,Week 10,2B. Dumbbell Romanian Deadlift,3.0,8,,2B. Dumbbell Romanian Deadlift,58.0,<a href=https://doctorwho.com.br/projects/img/58.gif target='blank'><img src=https://doctorwho.com.br/projects/img/58.gif title='rent' width='150' height='150'/></a>,2022-02-28
275,65,Workout B,2.0,Week 10,3B. Leg Press,3.0,15,,3B. Leg Press,59.0,<a href=https://doctorwho.com.br/projects/img/59.gif target='blank'><img src=https://doctorwho.com.br/projects/img/59.gif title='rent' width='150' height='150'/></a>,2022-02-28
276,66,Rest Day,3.0,Week 10,Rest Day,,,,,,,2022-03-01
277,67,Workout C,4.0,Week 10,1A. Military Press,3.0,8,,1A. Military Press,60.0,<a href=https://doctorwho.com.br/projects/img/60.gif target='blank'><img src=https://doctorwho.com.br/projects/img/60.gif title='rent' width='150' height='150'/></a>,2022-03-02
278,67,Workout C,4.0,Week 10,2A. Seated Dumbbell Overhead Press,3.0,8,,2A. Seated Dumbbell Overhead Press,61.0,<a href=https://doctorwho.com.br/projects/img/61.gif target='blank'><img src=https://doctorwho.com.br/projects/img/61.gif title='rent' width='150' height='150'/></a>,2022-03-02
279,67,Workout C,4.0,Week 10,3A. Dumbbell Lateral Raise,3.0,15,,3A. Dumbbell Lateral Raise,62.0,<a href=https://doctorwho.com.br/projects/img/62.gif target='blank'><img src=https://doctorwho.com.br/projects/img/62.gif title='rent' width='150' height='150'/></a>,2022-03-02
280,67,Workout C,4.0,Week 10,1B. Preacher Curl,3.0,8,,1B. Preacher Curl,63.0,<a href=https://doctorwho.com.br/projects/img/63.gif target='blank'><img src=https://doctorwho.com.br/projects/img/63.gif title='rent' width='150' height='150'/></a>,2022-03-02
281,67,Workout C,4.0,Week 10,2B. Incline Dumbbell Curl,3.0,8,,2B. Incline Dumbbell Curl,64.0,<a href=https://doctorwho.com.br/projects/img/64.gif target='blank'><img src=https://doctorwho.com.br/projects/img/64.gif title='rent' width='150' height='150'/></a>,2022-03-02
282,67,Workout C,4.0,Week 10,3B. Reverse Cable Curl,3.0,15,,3B. Reverse Cable Curl,65.0,<a href=https://doctorwho.com.br/projects/img/65.gif target='blank'><img src=https://doctorwho.com.br/projects/img/65.gif title='rent' width='150' height='150'/></a>,2022-03-02
283,68,Rest Day,5.0,Week 10,Rest Day,,,,,,,2022-03-03
284,69,Workout A,6.0,Week 10,1A. Flat Barbell Bench Press,3.0,8,,1A. Flat Barbell Bench Press,50.0,<a href=https://doctorwho.com.br/projects/img/50.gif target='blank'><img src=https://doctorwho.com.br/projects/img/50.gif title='rent' width='150' height='150'/></a>,2022-03-04
285,69,Workout A,6.0,Week 10,2A. Incline Dummbell Chest Press,3.0,8,,2A. Incline Dummbell Chest Press,51.0,<a href=https://doctorwho.com.br/projects/img/51.gif target='blank'><img src=https://doctorwho.com.br/projects/img/51.gif title='rent' width='150' height='150'/></a>,2022-03-04
286,69,Workout A,6.0,Week 10,3A. High-to-Low Cable Chest Flye,3.0,15,,3A. High-to-Low Cable Chest Flye,52.0,<a href=https://doctorwho.com.br/projects/img/52.gif target='blank'><img src=https://doctorwho.com.br/projects/img/52.gif title='rent' width='150' height='150'/></a>,2022-03-04
287,69,Workout A,6.0,Week 10,1B. Chinup,3.0,8,,1B. Chinup,53.0,<a href=https://doctorwho.com.br/projects/img/53.gif target='blank'><img src=https://doctorwho.com.br/projects/img/53.gif title='rent' width='150' height='150'/></a>,2022-03-04
288,69,Workout A,6.0,Week 10,2B. Seated Cable Row,3.0,8,,2B. Seated Cable Row,54.0,<a href=https://doctorwho.com.br/projects/img/54.gif target='blank'><img src=https://doctorwho.com.br/projects/img/54.gif title='rent' width='150' height='150'/></a>,2022-03-04
289,69,Workout A,6.0,Week 10,3B. Straight Arm Pulldown,3.0,15,,3B. Straight Arm Pulldown,55.0,<a href=https://doctorwho.com.br/projects/img/55.gif target='blank'><img src=https://doctorwho.com.br/projects/img/55.gif title='rent' width='150' height='150'/></a>,2022-03-04
290,70,Rest Day,7.0,Week 10,Rest Day,,,,,,,2022-03-05
291,71,Workout A,1.0,Week 11,1A. Flat Barbell Bench Press,4.0,8,,1A. Flat Barbell Bench Press,50.0,<a href=https://doctorwho.com.br/projects/img/50.gif target='blank'><img src=https://doctorwho.com.br/projects/img/50.gif title='rent' width='150' height='150'/></a>,2022-03-06
292,71,Workout A,1.0,Week 11,2A. Incline Dummbell Chest Press,4.0,8,,2A. Incline Dummbell Chest Press,51.0,<a href=https://doctorwho.com.br/projects/img/51.gif target='blank'><img src=https://doctorwho.com.br/projects/img/51.gif title='rent' width='150' height='150'/></a>,2022-03-06
293,71,Workout A,1.0,Week 11,3A. High-to-Low Cable Chest Flye,4.0,15,,3A. High-to-Low Cable Chest Flye,52.0,<a href=https://doctorwho.com.br/projects/img/52.gif target='blank'><img src=https://doctorwho.com.br/projects/img/52.gif title='rent' width='150' height='150'/></a>,2022-03-06
294,71,Workout A,1.0,Week 11,1B. Chinup,3.0,8,,1B. Chinup,53.0,<a href=https://doctorwho.com.br/projects/img/53.gif target='blank'><img src=https://doctorwho.com.br/projects/img/53.gif title='rent' width='150' height='150'/></a>,2022-03-06
295,71,Workout A,1.0,Week 11,2B. Seated Cable Row,3.0,8,,2B. Seated Cable Row,54.0,<a href=https://doctorwho.com.br/projects/img/54.gif target='blank'><img src=https://doctorwho.com.br/projects/img/54.gif title='rent' width='150' height='150'/></a>,2022-03-06
296,71,Workout A,1.0,Week 11,3B. Straight Arm Pulldown,3.0,15,,3B. Straight Arm Pulldown,55.0,<a href=https://doctorwho.com.br/projects/img/55.gif target='blank'><img src=https://doctorwho.com.br/projects/img/55.gif title='rent' width='150' height='150'/></a>,2022-03-06
297,72,Workout B,2.0,Week 11,1A. Barbell Back Squat,4.0,8,,1A. Barbell Back Squat,34.0,<a href=https://doctorwho.com.br/projects/img/34.gif target='blank'><img src=https://doctorwho.com.br/projects/img/34.gif title='rent' width='150' height='150'/></a>,2022-03-07
298,72,Workout B,2.0,Week 11,2A. Cyclist Squat,4.0,8,,2A. Cyclist Squat,56.0,<a href=https://doctorwho.com.br/projects/img/56.gif target='blank'><img src=https://doctorwho.com.br/projects/img/56.gif title='rent' width='150' height='150'/></a>,2022-03-07
299,72,Workout B,2.0,Week 11,3A. Leg Extension,4.0,15,,3A. Leg Extension,57.0,<a href=https://doctorwho.com.br/projects/img/57.gif target='blank'><img src=https://doctorwho.com.br/projects/img/57.gif title='rent' width='150' height='150'/></a>,2022-03-07
300,72,Workout B,2.0,Week 11,1B. Lying Hamstring Curl,3.0,8,,1B. Lying Hamstring Curl,18.0,<a href=https://doctorwho.com.br/projects/img/18.gif target='blank'><img src=https://doctorwho.com.br/projects/img/18.gif title='rent' width='150' height='150'/></a>,2022-03-07
301,72,Workout B,2.0,Week 11,2B. Dumbbell Romanian Deadlift,3.0,8,,2B. Dumbbell Romanian Deadlift,58.0,<a href=https://doctorwho.com.br/projects/img/58.gif target='blank'><img src=https://doctorwho.com.br/projects/img/58.gif title='rent' width='150' height='150'/></a>,2022-03-07
302,72,Workout B,2.0,Week 11,3B. Leg Press,3.0,15,,3B. Leg Press,59.0,<a href=https://doctorwho.com.br/projects/img/59.gif target='blank'><img src=https://doctorwho.com.br/projects/img/59.gif title='rent' width='150' height='150'/></a>,2022-03-07
303,73,Rest Day,3.0,Week 11,Rest Day,,,,,,,2022-03-08
304,74,Workout C,4.0,Week 11,1A. Military Press,4.0,8,,1A. Military Press,60.0,<a href=https://doctorwho.com.br/projects/img/60.gif target='blank'><img src=https://doctorwho.com.br/projects/img/60.gif title='rent' width='150' height='150'/></a>,2022-03-09
305,74,Workout C,4.0,Week 11,2A. Seated Dumbbell Overhead Press,4.0,8,,2A. Seated Dumbbell Overhead Press,61.0,<a href=https://doctorwho.com.br/projects/img/61.gif target='blank'><img src=https://doctorwho.com.br/projects/img/61.gif title='rent' width='150' height='150'/></a>,2022-03-09
306,74,Workout C,4.0,Week 11,3A. Dumbbell Lateral Raise,4.0,15,,3A. Dumbbell Lateral Raise,62.0,<a href=https://doctorwho.com.br/projects/img/62.gif target='blank'><img src=https://doctorwho.com.br/projects/img/62.gif title='rent' width='150' height='150'/></a>,2022-03-09
307,74,Workout C,4.0,Week 11,1B. Preacher Curl,3.0,8,,1B. Preacher Curl,63.0,<a href=https://doctorwho.com.br/projects/img/63.gif target='blank'><img src=https://doctorwho.com.br/projects/img/63.gif title='rent' width='150' height='150'/></a>,2022-03-09
308,74,Workout C,4.0,Week 11,2B. Incline Dumbbell Curl,3.0,8,,2B. Incline Dumbbell Curl,64.0,<a href=https://doctorwho.com.br/projects/img/64.gif target='blank'><img src=https://doctorwho.com.br/projects/img/64.gif title='rent' width='150' height='150'/></a>,2022-03-09
309,74,Workout C,4.0,Week 11,3B. Reverse Cable Curl,3.0,15,,3B. Reverse Cable Curl,65.0,<a href=https://doctorwho.com.br/projects/img/65.gif target='blank'><img src=https://doctorwho.com.br/projects/img/65.gif title='rent' width='150' height='150'/></a>,2022-03-09
310,75,Rest Day,5.0,Week 11,Rest Day,,,,,,,2022-03-10
311,76,Workout A,6.0,Week 11,1A. Flat Barbell Bench Press,4.0,8,,1A. Flat Barbell Bench Press,50.0,<a href=https://doctorwho.com.br/projects/img/50.gif target='blank'><img src=https://doctorwho.com.br/projects/img/50.gif title='rent' width='150' height='150'/></a>,2022-03-11
312,76,Workout A,6.0,Week 11,2A. Incline Dummbell Chest Press,4.0,8,,2A. Incline Dummbell Chest Press,51.0,<a href=https://doctorwho.com.br/projects/img/51.gif target='blank'><img src=https://doctorwho.com.br/projects/img/51.gif title='rent' width='150' height='150'/></a>,2022-03-11
313,76,Workout A,6.0,Week 11,3A. High-to-Low Cable Chest Flye,4.0,15,,3A. High-to-Low Cable Chest Flye,52.0,<a href=https://doctorwho.com.br/projects/img/52.gif target='blank'><img src=https://doctorwho.com.br/projects/img/52.gif title='rent' width='150' height='150'/></a>,2022-03-11
314,76,Workout A,6.0,Week 11,1B. Chinup,3.0,8,,1B. Chinup,53.0,<a href=https://doctorwho.com.br/projects/img/53.gif target='blank'><img src=https://doctorwho.com.br/projects/img/53.gif title='rent' width='150' height='150'/></a>,2022-03-11
315,76,Workout A,6.0,Week 11,2B. Seated Cable Row,3.0,8,,2B. Seated Cable Row,54.0,<a href=https://doctorwho.com.br/projects/img/54.gif target='blank'><img src=https://doctorwho.com.br/projects/img/54.gif title='rent' width='150' height='150'/></a>,2022-03-11
316,76,Workout A,6.0,Week 11,3B. Straight Arm Pulldown,3.0,15,,3B. Straight Arm Pulldown,55.0,<a href=https://doctorwho.com.br/projects/img/55.gif target='blank'><img src=https://doctorwho.com.br/projects/img/55.gif title='rent' width='150' height='150'/></a>,2022-03-11
317,77,Rest Day,7.0,Week 11,Rest Day,,,,,,,2022-03-12
318,78,Workout A,1.0,Week 12,1A. Flat Barbell Bench Press,3.0,8,,1A. Flat Barbell Bench Press,50.0,<a href=https://doctorwho.com.br/projects/img/50.gif target='blank'><img src=https://doctorwho.com.br/projects/img/50.gif title='rent' width='150' height='150'/></a>,2022-03-13
319,78,Workout A,1.0,Week 12,2A. Incline Dummbell Chest Press,3.0,8,,2A. Incline Dummbell Chest Press,51.0,<a href=https://doctorwho.com.br/projects/img/51.gif target='blank'><img src=https://doctorwho.com.br/projects/img/51.gif title='rent' width='150' height='150'/></a>,2022-03-13
320,78,Workout A,1.0,Week 12,3A. High-to-Low Cable Chest Flye,3.0,15,,3A. High-to-Low Cable Chest Flye,52.0,<a href=https://doctorwho.com.br/projects/img/52.gif target='blank'><img src=https://doctorwho.com.br/projects/img/52.gif title='rent' width='150' height='150'/></a>,2022-03-13
321,78,Workout A,1.0,Week 12,1B. Chinup,4.0,8,,1B. Chinup,53.0,<a href=https://doctorwho.com.br/projects/img/53.gif target='blank'><img src=https://doctorwho.com.br/projects/img/53.gif title='rent' width='150' height='150'/></a>,2022-03-13
322,78,Workout A,1.0,Week 12,2B. Seated Cable Row,4.0,8,,2B. Seated Cable Row,54.0,<a href=https://doctorwho.com.br/projects/img/54.gif target='blank'><img src=https://doctorwho.com.br/projects/img/54.gif title='rent' width='150' height='150'/></a>,2022-03-13
323,78,Workout A,1.0,Week 12,3B. Straight Arm Pulldown,4.0,15,,3B. Straight Arm Pulldown,55.0,<a href=https://doctorwho.com.br/projects/img/55.gif target='blank'><img src=https://doctorwho.com.br/projects/img/55.gif title='rent' width='150' height='150'/></a>,2022-03-13
324,79,Workout B,2.0,Week 12,1A. Barbell Back Squat,3.0,8,,1A. Barbell Back Squat,34.0,<a href=https://doctorwho.com.br/projects/img/34.gif target='blank'><img src=https://doctorwho.com.br/projects/img/34.gif title='rent' width='150' height='150'/></a>,2022-03-14
325,79,Workout B,2.0,Week 12,2A. Cyclist Squat,3.0,8,,2A. Cyclist Squat,56.0,<a href=https://doctorwho.com.br/projects/img/56.gif target='blank'><img src=https://doctorwho.com.br/projects/img/56.gif title='rent' width='150' height='150'/></a>,2022-03-14
326,79,Workout B,2.0,Week 12,3A. Leg Extension,3.0,15,,3A. Leg Extension,57.0,<a href=https://doctorwho.com.br/projects/img/57.gif target='blank'><img src=https://doctorwho.com.br/projects/img/57.gif title='rent' width='150' height='150'/></a>,2022-03-14
327,79,Workout B,2.0,Week 12,1B. Lying Hamstring Curl,4.0,8,,1B. Lying Hamstring Curl,18.0,<a href=https://doctorwho.com.br/projects/img/18.gif target='blank'><img src=https://doctorwho.com.br/projects/img/18.gif title='rent' width='150' height='150'/></a>,2022-03-14
328,79,Workout B,2.0,Week 12,2B. Dumbbell Romanian Deadlift,4.0,8,,2B. Dumbbell Romanian Deadlift,58.0,<a href=https://doctorwho.com.br/projects/img/58.gif target='blank'><img src=https://doctorwho.com.br/projects/img/58.gif title='rent' width='150' height='150'/></a>,2022-03-14
329,79,Workout B,2.0,Week 12,3B. Leg Press,4.0,15,,3B. Leg Press,59.0,<a href=https://doctorwho.com.br/projects/img/59.gif target='blank'><img src=https://doctorwho.com.br/projects/img/59.gif title='rent' width='150' height='150'/></a>,2022-03-14
330,80,Rest Day,3.0,Week 12,Rest Day,,,,,,,2022-03-15
331,81,Workout C,4.0,Week 12,1A. Military Press,3.0,8,,1A. Military Press,60.0,<a href=https://doctorwho.com.br/projects/img/60.gif target='blank'><img src=https://doctorwho.com.br/projects/img/60.gif title='rent' width='150' height='150'/></a>,2022-03-16
332,81,Workout C,4.0,Week 12,2A. Seated Dumbbell Overhead Press,3.0,8,,2A. Seated Dumbbell Overhead Press,61.0,<a href=https://doctorwho.com.br/projects/img/61.gif target='blank'><img src=https://doctorwho.com.br/projects/img/61.gif title='rent' width='150' height='150'/></a>,2022-03-16
333,81,Workout C,4.0,Week 12,3A. Dumbbell Lateral Raise,3.0,15,,3A. Dumbbell Lateral Raise,62.0,<a href=https://doctorwho.com.br/projects/img/62.gif target='blank'><img src=https://doctorwho.com.br/projects/img/62.gif title='rent' width='150' height='150'/></a>,2022-03-16
334,81,Workout C,4.0,Week 12,1B. Preacher Curl,4.0,8,,1B. Preacher Curl,63.0,<a href=https://doctorwho.com.br/projects/img/63.gif target='blank'><img src=https://doctorwho.com.br/projects/img/63.gif title='rent' width='150' height='150'/></a>,2022-03-16
335,81,Workout C,4.0,Week 12,2B. Incline Dumbbell Curl,4.0,8,,2B. Incline Dumbbell Curl,64.0,<a href=https://doctorwho.com.br/projects/img/64.gif target='blank'><img src=https://doctorwho.com.br/projects/img/64.gif title='rent' width='150' height='150'/></a>,2022-03-16
336,81,Workout C,4.0,Week 12,3B. Reverse Cable Curl,4.0,15,,3B. Reverse Cable Curl,65.0,<a href=https://doctorwho.com.br/projects/img/65.gif target='blank'><img src=https://doctorwho.com.br/projects/img/65.gif title='rent' width='150' height='150'/></a>,2022-03-16
337,82,Rest Day,5.0,Week 12,Rest Day,,,,,,,2022-03-17
338,83,Workout A,6.0,Week 12,1A. Flat Barbell Bench Press,3.0,8,,1A. Flat Barbell Bench Press,50.0,<a href=https://doctorwho.com.br/projects/img/50.gif target='blank'><img src=https://doctorwho.com.br/projects/img/50.gif title='rent' width='150' height='150'/></a>,2022-03-18
339,83,Workout A,6.0,Week 12,2A. Incline Dummbell Chest Press,3.0,8,,2A. Incline Dummbell Chest Press,51.0,<a href=https://doctorwho.com.br/projects/img/51.gif target='blank'><img src=https://doctorwho.com.br/projects/img/51.gif title='rent' width='150' height='150'/></a>,2022-03-18
340,83,Workout A,6.0,Week 12,3A. High-to-Low Cable Chest Flye,3.0,15,,3A. High-to-Low Cable Chest Flye,52.0,<a href=https://doctorwho.com.br/projects/img/52.gif target='blank'><img src=https://doctorwho.com.br/projects/img/52.gif title='rent' width='150' height='150'/></a>,2022-03-18
341,83,Workout A,6.0,Week 12,1B. Chinup,4.0,8,,1B. Chinup,53.0,<a href=https://doctorwho.com.br/projects/img/53.gif target='blank'><img src=https://doctorwho.com.br/projects/img/53.gif title='rent' width='150' height='150'/></a>,2022-03-18
342,83,Workout A,6.0,Week 12,2B. Seated Cable Row,4.0,8,,2B. Seated Cable Row,54.0,<a href=https://doctorwho.com.br/projects/img/54.gif target='blank'><img src=https://doctorwho.com.br/projects/img/54.gif title='rent' width='150' height='150'/></a>,2022-03-18
343,83,Workout A,6.0,Week 12,3B. Straight Arm Pulldown,4.0,15,,3B. Straight Arm Pulldown,55.0,<a href=https://doctorwho.com.br/projects/img/55.gif target='blank'><img src=https://doctorwho.com.br/projects/img/55.gif title='rent' width='150' height='150'/></a>,2022-03-18
344,84,Rest Day,7.0,Week 12,Rest Day,,,,,,,2022-03-19
