,0,1,2,3,4
0,0,3017,Breakfast,Sausage and Egg Breakfast Sandwich,https://www.eatthismuch.com/food/browse/?q=Sausage%20and%20Egg%20Breakfast%20Sandwich
1,0,3017,Lunch,Turkey Sandwich,https://www.eatthismuch.com/food/browse/?q=Turkey%20Sandwich
2,0,3017,Lunch,Basic protein shake,https://www.eatthismuch.com/food/browse/?q=Basic%20protein%20shake
3,0,3017,Dinner,Gourmet Grilled Cheese,https://www.eatthismuch.com/food/browse/?q=Gourmet%20Grilled%20Cheese
4,0,3017,Snack,Carrots with Hummus,https://www.eatthismuch.com/food/browse/?q=Carrots%20with%20Hummus
5,1,3010,Breakfast,Sunrise Smoothie,https://www.eatthismuch.com/food/browse/?q=Sunrise%20Smoothie
6,1,3010,Lunch,Basic protein shake,https://www.eatthismuch.com/food/browse/?q=Basic%20protein%20shake
7,1,3010,Lunch,Grapes,https://www.eatthismuch.com/food/browse/?q=Grapes
8,1,3010,Dinner,Turkey Bacon BLT Sandwich,https://www.eatthismuch.com/food/browse/?q=Turkey%20Bacon%20BLT%20Sandwich
9,1,3010,Snack,Peanut Butter & Carrots,https://www.eatthismuch.com/food/browse/?q=Peanut%20Butter%20Carrots
10,2,2983,Breakfast,Peanut Butter Protein Oats,https://www.eatthismuch.com/food/browse/?q=Peanut%20Butter%20Protein%20Oats
11,2,2983,Lunch,Ham and cheese sandwich,https://www.eatthismuch.com/food/browse/?q=Ham%20and%20cheese%20sandwich
12,2,2983,Lunch,Basic protein shake,https://www.eatthismuch.com/food/browse/?q=Basic%20protein%20shake
13,2,2983,Dinner,Beef Burritos,https://www.eatthismuch.com/food/browse/?q=Beef%20Burritos
14,2,2983,Snack,Carrots with Hummus,https://www.eatthismuch.com/food/browse/?q=Carrots%20with%20Hummus
15,3,2997,Breakfast,Chocolate Peanut Butter Protein Shake,https://www.eatthismuch.com/food/browse/?q=Chocolate%20Peanut%20Butter%20Protein%20Shake
16,3,2997,Lunch,Barbecue tuna sandwich,https://www.eatthismuch.com/food/browse/?q=Barbecue%20tuna%20sandwich
17,3,2997,Dinner,BBQ Chicken Sandwich,https://www.eatthismuch.com/food/browse/?q=BBQ%20Chicken%20Sandwich
18,3,2997,Dinner,Sautéed Spinach with Onions,https://www.eatthismuch.com/food/browse/?q=Sautéed%20Spinach%20with%20Onions
19,3,2997,Snack,Honey Almond Energy Bites,https://www.eatthismuch.com/food/browse/?q=Honey%20Almond%20Energy%20Bites
20,3,2997,Snack,Banana,https://www.eatthismuch.com/food/browse/?q=Banana
21,4,2982,Breakfast,Corn Flakes,https://www.eatthismuch.com/food/browse/?q=Corn%20Flakes
22,4,2982,Breakfast,Buttered Toast with Cinnamon,https://www.eatthismuch.com/food/browse/?q=Buttered%20Toast%20with%20Cinnamon
23,4,2982,Lunch,Barbecue tuna sandwich,https://www.eatthismuch.com/food/browse/?q=Barbecue%20tuna%20sandwich
24,4,2982,Lunch,Cucumber Slices,https://www.eatthismuch.com/food/browse/?q=Cucumber%20Slices
25,4,2982,Dinner,BLT sandwich,https://www.eatthismuch.com/food/browse/?q=BLT%20sandwich
26,4,2982,Snack,Basic protein shake,https://www.eatthismuch.com/food/browse/?q=Basic%20protein%20shake
27,5,2984,Breakfast,Homemade Turkey McMuffins,https://www.eatthismuch.com/food/browse/?q=Homemade%20Turkey%20McMuffins
28,5,2984,Lunch,Big PB&J Sandwich,https://www.eatthismuch.com/food/browse/?q=Big%20PB&J%20Sandwich
29,5,2984,Lunch,Almonds,https://www.eatthismuch.com/food/browse/?q=Almonds
30,5,2984,Dinner,Protein Packed Tuna Melt,https://www.eatthismuch.com/food/browse/?q=Protein%20Packed%20Tuna%20Melt
31,5,2984,Dinner,Korean Zucchini Pancake,https://www.eatthismuch.com/food/browse/?q=Korean%20Zucchini%20Pancake
32,5,2984,Snack,Cucumber Tomato Salad with Tuna,https://www.eatthismuch.com/food/browse/?q=Cucumber%20Tomato%20Salad%20with%20Tuna
33,5,2984,Snack,Grapes,https://www.eatthismuch.com/food/browse/?q=Grapes
34,6,2976,Breakfast,Yogurt with Grape-nut Cereal and Honey,https://www.eatthismuch.com/food/browse/?q=Yogurt%20with%20Grape-nut%20Cereal%20and%20Honey
35,6,2976,Breakfast,3 Herb Breakfast Patties,https://www.eatthismuch.com/food/browse/?q=3%20Herb%20Breakfast%20Patties
36,6,2976,Lunch,Cinnamon-Raisin Peanut Butter Sandwich,https://www.eatthismuch.com/food/browse/?q=Cinnamon-Raisin%20Peanut%20Butter%20Sandwich
37,6,2976,Dinner,Hot Garlic Chicken Salad,https://www.eatthismuch.com/food/browse/?q=Hot%20Garlic%20Chicken%20Salad
38,6,2976,Dinner,Stir Fried Mixed Veggies in Soy Sauce,https://www.eatthismuch.com/food/browse/?q=Stir%20Fried%20Mixed%20Veggies%20in%20Soy%20Sauce
39,6,2976,Snack,Peanut Butter and Honey Toast,https://www.eatthismuch.com/food/browse/?q=Peanut%20Butter%20and%20Honey%20Toast
40,6,2976,Snack,Cucumber & Hummus,https://www.eatthismuch.com/food/browse/?q=Cucumber%20Hummus
41,7,2976,Breakfast,"Sausage, Egg, and Cheese Scramble","https://www.eatthismuch.com/food/browse/?q=Sausage,%20Egg,%20and%20Cheese%20Scramble"
42,7,2976,Breakfast,Pecans,https://www.eatthismuch.com/food/browse/?q=Pecans
43,7,2976,Lunch,Peanut butter and jelly,https://www.eatthismuch.com/food/browse/?q=Peanut%20butter%20and%20jelly
44,7,2976,Lunch,Avocado salad,https://www.eatthismuch.com/food/browse/?q=Avocado%20salad
45,7,2976,Dinner,Easy Grilled Chicken Teriyaki,https://www.eatthismuch.com/food/browse/?q=Easy%20Grilled%20Chicken%20Teriyaki
46,7,2976,Dinner,Baked Sweet Potato Fries,https://www.eatthismuch.com/food/browse/?q=Baked%20Sweet%20Potato%20Fries
47,7,2976,Snack,Banana Almond Butter,https://www.eatthismuch.com/food/browse/?q=Banana%20Almond%20Butter
48,8,2976,Breakfast,Corn Flakes,https://www.eatthismuch.com/food/browse/?q=Corn%20Flakes
49,8,2976,Breakfast,Buttered Toast,https://www.eatthismuch.com/food/browse/?q=Buttered%20Toast
50,8,2976,Lunch,Chicken and avocado salad,https://www.eatthismuch.com/food/browse/?q=Chicken%20and%20avocado%20salad
51,8,2976,Dinner,Tuna Macaroni Goulash,https://www.eatthismuch.com/food/browse/?q=Tuna%20Macaroni%20Goulash
52,8,2976,Snack,Basic protein shake,https://www.eatthismuch.com/food/browse/?q=Basic%20protein%20shake
53,9,3019,Breakfast,Vegan Banana Oat Pancakes,https://www.eatthismuch.com/food/browse/?q=Vegan%20Banana%20Oat%20Pancakes
54,9,3019,Lunch,Lime Chicken Salad,https://www.eatthismuch.com/food/browse/?q=Lime%20Chicken%20Salad
55,9,3019,Lunch,Almonds,https://www.eatthismuch.com/food/browse/?q=Almonds
56,9,3019,Dinner,Chicken & Mashed Potatoes,https://www.eatthismuch.com/food/browse/?q=Chicken%20Mashed%20Potatoes
57,9,3019,Dinner,Stir Fried Mixed Veggies in Soy Sauce,https://www.eatthismuch.com/food/browse/?q=Stir%20Fried%20Mixed%20Veggies%20in%20Soy%20Sauce
58,9,3019,Snack,Corn Flakes,https://www.eatthismuch.com/food/browse/?q=Corn%20Flakes
59,9,3019,Snack,Oranges,https://www.eatthismuch.com/food/browse/?q=Oranges
60,10,3000,Breakfast,Tropical protein smoothie,https://www.eatthismuch.com/food/browse/?q=Tropical%20protein%20smoothie
61,10,3000,Lunch,Strawberry protein smoothie,https://www.eatthismuch.com/food/browse/?q=Strawberry%20protein%20smoothie
62,10,3000,Lunch,Peanut Butter & Celery,https://www.eatthismuch.com/food/browse/?q=Peanut%20Butter%20Celery
63,10,3000,Dinner,BBQ Chicken Sandwich,https://www.eatthismuch.com/food/browse/?q=BBQ%20Chicken%20Sandwich
64,10,3000,Dinner,Easy Hard-Boiled Eggs,https://www.eatthismuch.com/food/browse/?q=Easy%20Hard-Boiled%20Eggs
65,10,3000,Snack,Apples and Almond Butter,https://www.eatthismuch.com/food/browse/?q=Apples%20and%20Almond%20Butter
66,10,3000,Snack,Strawberries,https://www.eatthismuch.com/food/browse/?q=Strawberries
67,11,3007,Breakfast,Tropical protein smoothie,https://www.eatthismuch.com/food/browse/?q=Tropical%20protein%20smoothie
68,11,3007,Lunch,Strawberry protein smoothie,https://www.eatthismuch.com/food/browse/?q=Strawberry%20protein%20smoothie
69,11,3007,Lunch,Peanut Butter & Celery,https://www.eatthismuch.com/food/browse/?q=Peanut%20Butter%20Celery
70,11,3007,Dinner,Tomato Mozzarella Tuna Melt,https://www.eatthismuch.com/food/browse/?q=Tomato%20Mozzarella%20Tuna%20Melt
71,11,3007,Snack,Peanut butter and jelly,https://www.eatthismuch.com/food/browse/?q=Peanut%20butter%20and%20jelly
72,11,3007,Snack,Oranges,https://www.eatthismuch.com/food/browse/?q=Oranges
73,12,2977,Breakfast,Turkey and Cheese Omelet,https://www.eatthismuch.com/food/browse/?q=Turkey%20and%20Cheese%20Omelet
74,12,2977,Breakfast,Cinnamon Toast,https://www.eatthismuch.com/food/browse/?q=Cinnamon%20Toast
75,12,2977,Lunch,Peanut Butter and Honey Sandwich on Rye,https://www.eatthismuch.com/food/browse/?q=Peanut%20Butter%20and%20Honey%20Sandwich%20on%20Rye
76,12,2977,Dinner,Pasta Caprice,https://www.eatthismuch.com/food/browse/?q=Pasta%20Caprice
77,12,2977,Dinner,"Zucchini ""Pasta""","https://www.eatthismuch.com/food/browse/?q=Zucchini%20""Pasta"""
78,12,2977,Snack,Paleo Avocado Tuna Salad (Tuna in Water),https://www.eatthismuch.com/food/browse/?q=Paleo%20Avocado%20Tuna%20Salad%20(Tuna%20in%20Water)
79,13,3017,Breakfast,Tasty Turkey & Spinach Omelet,https://www.eatthismuch.com/food/browse/?q=Tasty%20Turkey%20Spinach%20Omelet
80,13,3017,Lunch,Cinnamon-Raisin Peanut Butter Sandwich,https://www.eatthismuch.com/food/browse/?q=Cinnamon-Raisin%20Peanut%20Butter%20Sandwich
81,13,3017,Dinner,Garlic Angel Hair Pasta with Roasted Asparagus and Onions,https://www.eatthismuch.com/food/browse/?q=Garlic%20Angel%20Hair%20Pasta%20with%20Roasted%20Asparagus%20and%20Onions
82,13,3017,Dinner,Cheese Rosti,https://www.eatthismuch.com/food/browse/?q=Cheese%20Rosti
83,13,3017,Snack,Simple Caprese Sandwich,https://www.eatthismuch.com/food/browse/?q=Simple%20Caprese%20Sandwich
84,14,3002,Breakfast,Blackberry Chocolate Shake,https://www.eatthismuch.com/food/browse/?q=Blackberry%20Chocolate%20Shake
85,14,3002,Breakfast,Cheese On Toast,https://www.eatthismuch.com/food/browse/?q=Cheese%20On%20Toast
86,14,3002,Lunch,Coconut Milk Protein Shake,https://www.eatthismuch.com/food/browse/?q=Coconut%20Milk%20Protein%20Shake
87,14,3002,Lunch,Horseradish Dill Cottage Cheese Dip,https://www.eatthismuch.com/food/browse/?q=Horseradish%20Dill%20Cottage%20Cheese%20Dip
88,14,3002,Dinner,Pasta with Lentil Soup Sauce,https://www.eatthismuch.com/food/browse/?q=Pasta%20with%20Lentil%20Soup%20Sauce
89,14,3002,Dinner,Asparagus Parmesan,https://www.eatthismuch.com/food/browse/?q=Asparagus%20Parmesan
90,14,3002,Snack,Peanut Butter and Banana Toast,https://www.eatthismuch.com/food/browse/?q=Peanut%20Butter%20and%20Banana%20Toast
91,14,3002,Snack,Granola,https://www.eatthismuch.com/food/browse/?q=Granola
92,15,3005,Breakfast,Brown Sugar Pecan Oatmeal,https://www.eatthismuch.com/food/browse/?q=Brown%20Sugar%20Pecan%20Oatmeal
93,15,3005,Breakfast,Banana Almond Butter,https://www.eatthismuch.com/food/browse/?q=Banana%20Almond%20Butter
94,15,3005,Lunch,"ALT (Avocado, Lettuce, and Tomato) Sandwiches","https://www.eatthismuch.com/food/browse/?q=ALT%20(Avocado,%20Lettuce,%20and%20Tomato)%20Sandwiches"
95,15,3005,Lunch,Carrots,https://www.eatthismuch.com/food/browse/?q=Carrots
96,15,3005,Dinner,Tomato Mozzarella Tuna Melt,https://www.eatthismuch.com/food/browse/?q=Tomato%20Mozzarella%20Tuna%20Melt
97,15,3005,Dinner,Sea Salt Edamame,https://www.eatthismuch.com/food/browse/?q=Sea%20Salt%20Edamame
98,15,3005,Snack,Roast Beef and Cheddar Sandwich,https://www.eatthismuch.com/food/browse/?q=Roast%20Beef%20and%20Cheddar%20Sandwich
99,16,3028,Breakfast,Tasty Turkey & Spinach Omelet,https://www.eatthismuch.com/food/browse/?q=Tasty%20Turkey%20Spinach%20Omelet
100,16,3028,Lunch,Tuna and Ranch Garden Salad,https://www.eatthismuch.com/food/browse/?q=Tuna%20and%20Ranch%20Garden%20Salad
101,16,3028,Dinner,Avocado Green Power Salad,https://www.eatthismuch.com/food/browse/?q=Avocado%20Green%20Power%20Salad
102,16,3028,Dinner,Stir Fried Mixed Veggies in Soy Sauce,https://www.eatthismuch.com/food/browse/?q=Stir%20Fried%20Mixed%20Veggies%20in%20Soy%20Sauce
103,16,3028,Snack,Cinnamon-Raisin Peanut Butter Sandwich,https://www.eatthismuch.com/food/browse/?q=Cinnamon-Raisin%20Peanut%20Butter%20Sandwich
104,17,2991,Breakfast,"Breakfast Sandwich with Egg, Cheese, and Ham","https://www.eatthismuch.com/food/browse/?q=Breakfast%20Sandwich%20with%20Egg,%20Cheese,%20and%20Ham"
105,17,2991,Breakfast,Warm Blueberry Yogurt,https://www.eatthismuch.com/food/browse/?q=Warm%20Blueberry%20Yogurt
106,17,2991,Lunch,Quick Avocado Tuna Sandwich,https://www.eatthismuch.com/food/browse/?q=Quick%20Avocado%20Tuna%20Sandwich
107,17,2991,Dinner,Spinach & Strawberry Salad,https://www.eatthismuch.com/food/browse/?q=Spinach%20Strawberry%20Salad
108,17,2991,Snack,Peppered Cottage Cheese,https://www.eatthismuch.com/food/browse/?q=Peppered%20Cottage%20Cheese
109,18,3022,Breakfast,Egg and Cheese Breakfast Sandwich,https://www.eatthismuch.com/food/browse/?q=Egg%20and%20Cheese%20Breakfast%20Sandwich
110,18,3022,Breakfast,Apple,https://www.eatthismuch.com/food/browse/?q=Apple
111,18,3022,Lunch,Strawberry protein smoothie,https://www.eatthismuch.com/food/browse/?q=Strawberry%20protein%20smoothie
112,18,3022,Lunch,Banana,https://www.eatthismuch.com/food/browse/?q=Banana
113,18,3022,Dinner,BLT sandwich,https://www.eatthismuch.com/food/browse/?q=BLT%20sandwich
114,18,3022,Snack,Apples and Almond Butter,https://www.eatthismuch.com/food/browse/?q=Apples%20and%20Almond%20Butter
115,18,3022,Snack,Cheese slices,https://www.eatthismuch.com/food/browse/?q=Cheese%20slices
116,19,3017,Breakfast,Sausage and Egg Breakfast Sandwich,https://www.eatthismuch.com/food/browse/?q=Sausage%20and%20Egg%20Breakfast%20Sandwich
117,19,3017,Lunch,Strawberry protein smoothie,https://www.eatthismuch.com/food/browse/?q=Strawberry%20protein%20smoothie
118,19,3017,Lunch,Peanut Butter & Celery,https://www.eatthismuch.com/food/browse/?q=Peanut%20Butter%20Celery
119,19,3017,Dinner,BBQ Chicken Sandwich,https://www.eatthismuch.com/food/browse/?q=BBQ%20Chicken%20Sandwich
120,19,3017,Snack,Corn Flakes,https://www.eatthismuch.com/food/browse/?q=Corn%20Flakes
121,19,3017,Snack,Granola,https://www.eatthismuch.com/food/browse/?q=Granola
122,20,2980,Breakfast,Broccoli & Feta Omelet with Toast,https://www.eatthismuch.com/food/browse/?q=Broccoli%20Feta%20Omelet%20with%20Toast
123,20,2980,Lunch,Tuna Stuffed Pepper,https://www.eatthismuch.com/food/browse/?q=Tuna%20Stuffed%20Pepper
124,20,2980,Lunch,Strawberry and Walnut Spinach Salad,https://www.eatthismuch.com/food/browse/?q=Strawberry%20and%20Walnut%20Spinach%20Salad
125,20,2980,Dinner,Chicken Fajitas,https://www.eatthismuch.com/food/browse/?q=Chicken%20Fajitas
126,20,2980,Snack,Spinach and Turkey Wrap,https://www.eatthismuch.com/food/browse/?q=Spinach%20and%20Turkey%20Wrap
127,20,2980,Snack,Cinnamon Apple Bites,https://www.eatthismuch.com/food/browse/?q=Cinnamon%20Apple%20Bites
128,21,2988,Breakfast,Knock-Oats,https://www.eatthismuch.com/food/browse/?q=Knock-Oats
129,21,2988,Lunch,Salmon Wrapped Avocado,https://www.eatthismuch.com/food/browse/?q=Salmon%20Wrapped%20Avocado
130,21,2988,Lunch,Apples and Almond Butter,https://www.eatthismuch.com/food/browse/?q=Apples%20and%20Almond%20Butter
131,21,2988,Dinner,Almond Butter Chicken Salad Lettuce Wrap,https://www.eatthismuch.com/food/browse/?q=Almond%20Butter%20Chicken%20Salad%20Lettuce%20Wrap
132,21,2988,Snack,Pear Banana Smoothie,https://www.eatthismuch.com/food/browse/?q=Pear%20Banana%20Smoothie
133,21,2988,Snack,Almonds,https://www.eatthismuch.com/food/browse/?q=Almonds
134,22,2983,Breakfast,Coconut Peach Smoothie,https://www.eatthismuch.com/food/browse/?q=Coconut%20Peach%20Smoothie
135,22,2983,Lunch,Tomato and Cheese Wrap,https://www.eatthismuch.com/food/browse/?q=Tomato%20and%20Cheese%20Wrap
136,22,2983,Lunch,Banana,https://www.eatthismuch.com/food/browse/?q=Banana
137,22,2983,Dinner,Curry-Strawberry Chicken,https://www.eatthismuch.com/food/browse/?q=Curry-Strawberry%20Chicken
138,22,2983,Dinner,Baked Sweet Potato Fries,https://www.eatthismuch.com/food/browse/?q=Baked%20Sweet%20Potato%20Fries
139,22,2983,Snack,Plain Tuna Salad,https://www.eatthismuch.com/food/browse/?q=Plain%20Tuna%20Salad
140,22,2983,Snack,Strawberries,https://www.eatthismuch.com/food/browse/?q=Strawberries
141,23,2980,Breakfast,Blueberry protein pudding,https://www.eatthismuch.com/food/browse/?q=Blueberry%20protein%20pudding
142,23,2980,Breakfast,Buttered Toast with Cinnamon,https://www.eatthismuch.com/food/browse/?q=Buttered%20Toast%20with%20Cinnamon
143,23,2980,Lunch,Big PB&J Sandwich,https://www.eatthismuch.com/food/browse/?q=Big%20PB&J%20Sandwich
144,23,2980,Lunch,Cucumber Slices,https://www.eatthismuch.com/food/browse/?q=Cucumber%20Slices
145,23,2980,Dinner,Flat Bread Pizza,https://www.eatthismuch.com/food/browse/?q=Flat%20Bread%20Pizza
146,23,2980,Snack,Apples and Almond Butter,https://www.eatthismuch.com/food/browse/?q=Apples%20and%20Almond%20Butter
147,23,2980,Snack,Granola,https://www.eatthismuch.com/food/browse/?q=Granola
148,24,2991,Breakfast,Knock-Oats,https://www.eatthismuch.com/food/browse/?q=Knock-Oats
149,24,2991,Lunch,Strawberry protein smoothie,https://www.eatthismuch.com/food/browse/?q=Strawberry%20protein%20smoothie
150,24,2991,Lunch,Peanut Butter & Celery,https://www.eatthismuch.com/food/browse/?q=Peanut%20Butter%20Celery
151,24,2991,Dinner,BBQ Chicken Sandwich,https://www.eatthismuch.com/food/browse/?q=BBQ%20Chicken%20Sandwich
152,24,2991,Snack,Basic protein shake,https://www.eatthismuch.com/food/browse/?q=Basic%20protein%20shake
153,24,2991,Snack,Grapes,https://www.eatthismuch.com/food/browse/?q=Grapes
154,25,2994,Breakfast,Peanut Butter Protein Oats,https://www.eatthismuch.com/food/browse/?q=Peanut%20Butter%20Protein%20Oats
155,25,2994,Lunch,Coconut Milk Protein Shake,https://www.eatthismuch.com/food/browse/?q=Coconut%20Milk%20Protein%20Shake
156,25,2994,Dinner,Mongolian Beef,https://www.eatthismuch.com/food/browse/?q=Mongolian%20Beef
157,25,2994,Dinner,Steamed Broccoli,https://www.eatthismuch.com/food/browse/?q=Steamed%20Broccoli
158,25,2994,Snack,Spinach Avocado Smoothie Bowl,https://www.eatthismuch.com/food/browse/?q=Spinach%20Avocado%20Smoothie%20Bowl
159,25,2994,Snack,Oranges,https://www.eatthismuch.com/food/browse/?q=Oranges
160,26,3016,Breakfast,Tropical protein smoothie,https://www.eatthismuch.com/food/browse/?q=Tropical%20protein%20smoothie
161,26,3016,Lunch,Big PB&J Sandwich,https://www.eatthismuch.com/food/browse/?q=Big%20PB&J%20Sandwich
162,26,3016,Lunch,Banana,https://www.eatthismuch.com/food/browse/?q=Banana
163,26,3016,Dinner,Easy Grilled Chicken Teriyaki,https://www.eatthismuch.com/food/browse/?q=Easy%20Grilled%20Chicken%20Teriyaki
164,26,3016,Dinner,Steamed Broccoli,https://www.eatthismuch.com/food/browse/?q=Steamed%20Broccoli
165,26,3016,Snack,Grapes,https://www.eatthismuch.com/food/browse/?q=Grapes
166,26,3016,Snack,Almonds,https://www.eatthismuch.com/food/browse/?q=Almonds
167,27,3004,Breakfast,Orange-Vanilla Protein Smoothie,https://www.eatthismuch.com/food/browse/?q=Orange-Vanilla%20Protein%20Smoothie
168,27,3004,Lunch,Strawberry protein smoothie,https://www.eatthismuch.com/food/browse/?q=Strawberry%20protein%20smoothie
169,27,3004,Lunch,Peanut Butter & Carrots,https://www.eatthismuch.com/food/browse/?q=Peanut%20Butter%20Carrots
170,27,3004,Dinner,Almond Butter Chicken Salad Lettuce Wrap,https://www.eatthismuch.com/food/browse/?q=Almond%20Butter%20Chicken%20Salad%20Lettuce%20Wrap
171,27,3004,Snack,Corn Flakes,https://www.eatthismuch.com/food/browse/?q=Corn%20Flakes
172,28,2984,Breakfast,Banana oatmeal smoothie,https://www.eatthismuch.com/food/browse/?q=Banana%20oatmeal%20smoothie
173,28,2984,Lunch,Strawberry protein smoothie,https://www.eatthismuch.com/food/browse/?q=Strawberry%20protein%20smoothie
174,28,2984,Lunch,Almonds,https://www.eatthismuch.com/food/browse/?q=Almonds
175,28,2984,Dinner,Gourmet Grilled Cheese,https://www.eatthismuch.com/food/browse/?q=Gourmet%20Grilled%20Cheese
176,28,2984,Snack,Peanut Butter & Celery,https://www.eatthismuch.com/food/browse/?q=Peanut%20Butter%20Celery
177,29,3000,Breakfast,Tropical protein smoothie,https://www.eatthismuch.com/food/browse/?q=Tropical%20protein%20smoothie
178,29,3000,Lunch,Strawberry protein smoothie,https://www.eatthismuch.com/food/browse/?q=Strawberry%20protein%20smoothie
179,29,3000,Lunch,Peanut Butter & Celery,https://www.eatthismuch.com/food/browse/?q=Peanut%20Butter%20Celery
180,29,3000,Dinner,BBQ Chicken Sandwich,https://www.eatthismuch.com/food/browse/?q=BBQ%20Chicken%20Sandwich
181,29,3000,Dinner,Easy Hard-Boiled Eggs,https://www.eatthismuch.com/food/browse/?q=Easy%20Hard-Boiled%20Eggs
182,29,3000,Snack,Apples and Almond Butter,https://www.eatthismuch.com/food/browse/?q=Apples%20and%20Almond%20Butter
183,29,3000,Snack,Strawberries,https://www.eatthismuch.com/food/browse/?q=Strawberries
